{"date":"2025-12-05T14:42:51.209Z","args":["local Stats",[{"path":"2025-11-25 光电子选修.md","size":761,"isDir":false},{"path":"2025-11-28.md","size":428,"isDir":false},{"path":"2025-11-29.md","size":192,"isDir":false},{"path":"2025-11-30.md","size":0,"isDir":false},{"path":"2025-10-18.md","size":35,"isDir":false},{"path":"2025-11-29 2.md","size":736,"isDir":false},{"path":"2025-12-02.md","size":821,"isDir":false},{"path":"4fbefc405337a64aec5d8516d404f12f.jpg","size":131552,"isDir":false},{"path":"医学免疫学 (曹雪涛) (Z-Library) - 快捷方式.lnk","size":1326,"isDir":false},{"path":"医学免疫学 (曹雪涛) (Z-Library).pdf","size":37572902,"isDir":false},{"path":"2025-12-04.md","size":90,"isDir":false},{"path":"微信图片_20240902223827.jpg","size":92572,"isDir":false},{"path":"未命名 1.md","size":0,"isDir":false},{"path":"未命名 2.md","size":0,"isDir":false},{"path":"未命名.base","size":40,"isDir":false},{"path":"未命名.md","size":0,"isDir":false},{"path":"欢迎.md","size":856,"isDir":false},{"path":"OneNote","isDir":true},{"path":"copilot","isDir":true},{"path":"Doc","isDir":true},{"path":"copilot/copilot-custom-prompts","isDir":true},{"path":"copilot/copilot-custom-prompts/Emojify.md","size":470,"isDir":false},{"path":"copilot/copilot-custom-prompts/Explain like I am 5.md","size":388,"isDir":false},{"path":"copilot/copilot-custom-prompts/Fix grammar and spelling.md","size":350,"isDir":false},{"path":"copilot/copilot-custom-prompts/Generate glossary.md","size":353,"isDir":false},{"path":"copilot/copilot-custom-prompts/Generate table of contents.md","size":357,"isDir":false},{"path":"copilot/copilot-custom-prompts/Make longer.md","size":379,"isDir":false},{"path":"copilot/copilot-custom-prompts/Make shorter.md","size":373,"isDir":false},{"path":"copilot/copilot-custom-prompts/Remove URLs.md","size":347,"isDir":false},{"path":"copilot/copilot-custom-prompts/Rewrite as tweet thread.md","size":500,"isDir":false},{"path":"copilot/copilot-custom-prompts/Rewrite as tweet.md","size":376,"isDir":false},{"path":"copilot/copilot-custom-prompts/Simplify.md","size":370,"isDir":false},{"path":"copilot/copilot-custom-prompts/Summarize.md","size":307,"isDir":false},{"path":"copilot/copilot-custom-prompts/Translate to Chinese.md","size":369,"isDir":false}]],"type":"debug","level":4,"tag":""}

{"date":"2025-12-05T14:42:51.209Z","args":["remote Stats",[]],"type":"debug","level":4,"tag":""}

{"date":"2025-12-05T14:42:51.209Z","args":[{"reason":"local file exists without a remote file","remotePath":"/黄宁的Obsidian2025.12.5/2025-11-25 光电子选修.md","localPath":"2025-11-25 光电子选修.md","conditions":{"recordExists":false,"remoteExists":false,"localExists":true}}],"type":"debug","level":4,"tag":""}

{"date":"2025-12-05T14:42:51.210Z","args":[{"reason":"local file exists without a remote file","remotePath":"/黄宁的Obsidian2025.12.5/2025-11-28.md","localPath":"2025-11-28.md","conditions":{"recordExists":false,"remoteExists":false,"localExists":true}}],"type":"debug","level":4,"tag":""}

{"date":"2025-12-05T14:42:51.210Z","args":[{"reason":"local file exists without a remote file","remotePath":"/黄宁的Obsidian2025.12.5/2025-11-29.md","localPath":"2025-11-29.md","conditions":{"recordExists":false,"remoteExists":false,"localExists":true}}],"type":"debug","level":4,"tag":""}

{"date":"2025-12-05T14:42:51.210Z","args":[{"reason":"local file exists without a remote file","remotePath":"/黄宁的Obsidian2025.12.5/2025-11-30.md","localPath":"2025-11-30.md","conditions":{"recordExists":false,"remoteExists":false,"localExists":true}}],"type":"debug","level":4,"tag":""}

{"date":"2025-12-05T14:42:51.210Z","args":[{"reason":"local file exists without a remote file","remotePath":"/黄宁的Obsidian2025.12.5/2025-10-18.md","localPath":"2025-10-18.md","conditions":{"recordExists":false,"remoteExists":false,"localExists":true}}],"type":"debug","level":4,"tag":""}

{"date":"2025-12-05T14:42:51.210Z","args":[{"reason":"local file exists without a remote file","remotePath":"/黄宁的Obsidian2025.12.5/2025-11-29 2.md","localPath":"2025-11-29 2.md","conditions":{"recordExists":false,"remoteExists":false,"localExists":true}}],"type":"debug","level":4,"tag":""}

{"date":"2025-12-05T14:42:51.210Z","args":[{"reason":"local file exists without a remote file","remotePath":"/黄宁的Obsidian2025.12.5/2025-12-02.md","localPath":"2025-12-02.md","conditions":{"recordExists":false,"remoteExists":false,"localExists":true}}],"type":"debug","level":4,"tag":""}

{"date":"2025-12-05T14:42:51.210Z","args":[{"reason":"local file exists without a remote file","remotePath":"/黄宁的Obsidian2025.12.5/4fbefc405337a64aec5d8516d404f12f.jpg","localPath":"4fbefc405337a64aec5d8516d404f12f.jpg","conditions":{"recordExists":false,"remoteExists":false,"localExists":true}}],"type":"debug","level":4,"tag":""}

{"date":"2025-12-05T14:42:51.210Z","args":[{"reason":"local file exists without a remote file","remotePath":"/黄宁的Obsidian2025.12.5/医学免疫学 (曹雪涛) (Z-Library) - 快捷方式.lnk","localPath":"医学免疫学 (曹雪涛) (Z-Library) - 快捷方式.lnk","conditions":{"recordExists":false,"remoteExists":false,"localExists":true}}],"type":"debug","level":4,"tag":""}

{"date":"2025-12-05T14:42:51.210Z","args":[{"reason":"local file exists without a remote file","remotePath":"/黄宁的Obsidian2025.12.5/医学免疫学 (曹雪涛) (Z-Library).pdf","localPath":"医学免疫学 (曹雪涛) (Z-Library).pdf","conditions":{"recordExists":false,"remoteExists":false,"localExists":true}}],"type":"debug","level":4,"tag":""}

{"date":"2025-12-05T14:42:51.210Z","args":[{"reason":"local file exists without a remote file","remotePath":"/黄宁的Obsidian2025.12.5/2025-12-04.md","localPath":"2025-12-04.md","conditions":{"recordExists":false,"remoteExists":false,"localExists":true}}],"type":"debug","level":4,"tag":""}

{"date":"2025-12-05T14:42:51.210Z","args":[{"reason":"local file exists without a remote file","remotePath":"/黄宁的Obsidian2025.12.5/微信图片_20240902223827.jpg","localPath":"微信图片_20240902223827.jpg","conditions":{"recordExists":false,"remoteExists":false,"localExists":true}}],"type":"debug","level":4,"tag":""}

{"date":"2025-12-05T14:42:51.210Z","args":[{"reason":"local file exists without a remote file","remotePath":"/黄宁的Obsidian2025.12.5/未命名 1.md","localPath":"未命名 1.md","conditions":{"recordExists":false,"remoteExists":false,"localExists":true}}],"type":"debug","level":4,"tag":""}

{"date":"2025-12-05T14:42:51.210Z","args":[{"reason":"local file exists without a remote file","remotePath":"/黄宁的Obsidian2025.12.5/未命名 2.md","localPath":"未命名 2.md","conditions":{"recordExists":false,"remoteExists":false,"localExists":true}}],"type":"debug","level":4,"tag":""}

{"date":"2025-12-05T14:42:51.210Z","args":[{"reason":"local file exists without a remote file","remotePath":"/黄宁的Obsidian2025.12.5/未命名.base","localPath":"未命名.base","conditions":{"recordExists":false,"remoteExists":false,"localExists":true}}],"type":"debug","level":4,"tag":""}

{"date":"2025-12-05T14:42:51.210Z","args":[{"reason":"local file exists without a remote file","remotePath":"/黄宁的Obsidian2025.12.5/未命名.md","localPath":"未命名.md","conditions":{"recordExists":false,"remoteExists":false,"localExists":true}}],"type":"debug","level":4,"tag":""}

{"date":"2025-12-05T14:42:51.210Z","args":[{"reason":"local file exists without a remote file","remotePath":"/黄宁的Obsidian2025.12.5/欢迎.md","localPath":"欢迎.md","conditions":{"recordExists":false,"remoteExists":false,"localExists":true}}],"type":"debug","level":4,"tag":""}

{"date":"2025-12-05T14:42:51.210Z","args":[{"reason":"local file exists without a remote file","remotePath":"/黄宁的Obsidian2025.12.5/copilot/copilot-custom-prompts/Emojify.md","localPath":"copilot/copilot-custom-prompts/Emojify.md","conditions":{"recordExists":false,"remoteExists":false,"localExists":true}}],"type":"debug","level":4,"tag":""}

{"date":"2025-12-05T14:42:51.210Z","args":[{"reason":"local file exists without a remote file","remotePath":"/黄宁的Obsidian2025.12.5/copilot/copilot-custom-prompts/Explain like I am 5.md","localPath":"copilot/copilot-custom-prompts/Explain like I am 5.md","conditions":{"recordExists":false,"remoteExists":false,"localExists":true}}],"type":"debug","level":4,"tag":""}

{"date":"2025-12-05T14:42:51.210Z","args":[{"reason":"local file exists without a remote file","remotePath":"/黄宁的Obsidian2025.12.5/copilot/copilot-custom-prompts/Fix grammar and spelling.md","localPath":"copilot/copilot-custom-prompts/Fix grammar and spelling.md","conditions":{"recordExists":false,"remoteExists":false,"localExists":true}}],"type":"debug","level":4,"tag":""}

{"date":"2025-12-05T14:42:51.210Z","args":[{"reason":"local file exists without a remote file","remotePath":"/黄宁的Obsidian2025.12.5/copilot/copilot-custom-prompts/Generate glossary.md","localPath":"copilot/copilot-custom-prompts/Generate glossary.md","conditions":{"recordExists":false,"remoteExists":false,"localExists":true}}],"type":"debug","level":4,"tag":""}

{"date":"2025-12-05T14:42:51.210Z","args":[{"reason":"local file exists without a remote file","remotePath":"/黄宁的Obsidian2025.12.5/copilot/copilot-custom-prompts/Generate table of contents.md","localPath":"copilot/copilot-custom-prompts/Generate table of contents.md","conditions":{"recordExists":false,"remoteExists":false,"localExists":true}}],"type":"debug","level":4,"tag":""}

{"date":"2025-12-05T14:42:51.210Z","args":[{"reason":"local file exists without a remote file","remotePath":"/黄宁的Obsidian2025.12.5/copilot/copilot-custom-prompts/Make longer.md","localPath":"copilot/copilot-custom-prompts/Make longer.md","conditions":{"recordExists":false,"remoteExists":false,"localExists":true}}],"type":"debug","level":4,"tag":""}

{"date":"2025-12-05T14:42:51.210Z","args":[{"reason":"local file exists without a remote file","remotePath":"/黄宁的Obsidian2025.12.5/copilot/copilot-custom-prompts/Make shorter.md","localPath":"copilot/copilot-custom-prompts/Make shorter.md","conditions":{"recordExists":false,"remoteExists":false,"localExists":true}}],"type":"debug","level":4,"tag":""}

{"date":"2025-12-05T14:42:51.210Z","args":[{"reason":"local file exists without a remote file","remotePath":"/黄宁的Obsidian2025.12.5/copilot/copilot-custom-prompts/Remove URLs.md","localPath":"copilot/copilot-custom-prompts/Remove URLs.md","conditions":{"recordExists":false,"remoteExists":false,"localExists":true}}],"type":"debug","level":4,"tag":""}

{"date":"2025-12-05T14:42:51.210Z","args":[{"reason":"local file exists without a remote file","remotePath":"/黄宁的Obsidian2025.12.5/copilot/copilot-custom-prompts/Rewrite as tweet thread.md","localPath":"copilot/copilot-custom-prompts/Rewrite as tweet thread.md","conditions":{"recordExists":false,"remoteExists":false,"localExists":true}}],"type":"debug","level":4,"tag":""}

{"date":"2025-12-05T14:42:51.210Z","args":[{"reason":"local file exists without a remote file","remotePath":"/黄宁的Obsidian2025.12.5/copilot/copilot-custom-prompts/Rewrite as tweet.md","localPath":"copilot/copilot-custom-prompts/Rewrite as tweet.md","conditions":{"recordExists":false,"remoteExists":false,"localExists":true}}],"type":"debug","level":4,"tag":""}

{"date":"2025-12-05T14:42:51.210Z","args":[{"reason":"local file exists without a remote file","remotePath":"/黄宁的Obsidian2025.12.5/copilot/copilot-custom-prompts/Simplify.md","localPath":"copilot/copilot-custom-prompts/Simplify.md","conditions":{"recordExists":false,"remoteExists":false,"localExists":true}}],"type":"debug","level":4,"tag":""}

{"date":"2025-12-05T14:42:51.210Z","args":[{"reason":"local file exists without a remote file","remotePath":"/黄宁的Obsidian2025.12.5/copilot/copilot-custom-prompts/Summarize.md","localPath":"copilot/copilot-custom-prompts/Summarize.md","conditions":{"recordExists":false,"remoteExists":false,"localExists":true}}],"type":"debug","level":4,"tag":""}

{"date":"2025-12-05T14:42:51.210Z","args":[{"reason":"local file exists without a remote file","remotePath":"/黄宁的Obsidian2025.12.5/copilot/copilot-custom-prompts/Translate to Chinese.md","localPath":"copilot/copilot-custom-prompts/Translate to Chinese.md","conditions":{"recordExists":false,"remoteExists":false,"localExists":true}}],"type":"debug","level":4,"tag":""}

{"date":"2025-12-05T14:42:51.210Z","args":[{"reason":"local folder does not exist remotely","remotePath":"/黄宁的Obsidian2025.12.5/OneNote","localPath":"OneNote","conditions":{"remoteExists":false,"recordExists":false}}],"type":"debug","level":4,"tag":""}

{"date":"2025-12-05T14:42:51.210Z","args":[{"reason":"local folder does not exist remotely","remotePath":"/黄宁的Obsidian2025.12.5/copilot","localPath":"copilot","conditions":{"remoteExists":false,"recordExists":false}}],"type":"debug","level":4,"tag":""}

{"date":"2025-12-05T14:42:51.210Z","args":[{"reason":"local folder does not exist remotely","remotePath":"/黄宁的Obsidian2025.12.5/Doc","localPath":"Doc","conditions":{"remoteExists":false,"recordExists":false}}],"type":"debug","level":4,"tag":""}

{"date":"2025-12-05T14:42:51.210Z","args":[{"reason":"local folder does not exist remotely","remotePath":"/黄宁的Obsidian2025.12.5/copilot/copilot-custom-prompts","localPath":"copilot/copilot-custom-prompts","conditions":{"remoteExists":false,"recordExists":false}}],"type":"debug","level":4,"tag":""}

{"date":"2025-12-05T14:42:51.844Z","args":["local Stats",[{"path":"2025-11-25 光电子选修.md","size":761,"isDir":false},{"path":"2025-11-28.md","size":428,"isDir":false},{"path":"2025-11-29.md","size":192,"isDir":false},{"path":"2025-11-30.md","size":0,"isDir":false},{"path":"2025-10-18.md","size":35,"isDir":false},{"path":"2025-11-29 2.md","size":736,"isDir":false},{"path":"2025-12-02.md","size":821,"isDir":false},{"path":"4fbefc405337a64aec5d8516d404f12f.jpg","size":131552,"isDir":false},{"path":"医学免疫学 (曹雪涛) (Z-Library) - 快捷方式.lnk","size":1326,"isDir":false},{"path":"医学免疫学 (曹雪涛) (Z-Library).pdf","size":37572902,"isDir":false},{"path":"2025-12-04.md","size":90,"isDir":false},{"path":"微信图片_20240902223827.jpg","size":92572,"isDir":false},{"path":"未命名 1.md","size":0,"isDir":false},{"path":"未命名 2.md","size":0,"isDir":false},{"path":"未命名.base","size":40,"isDir":false},{"path":"未命名.md","size":0,"isDir":false},{"path":"欢迎.md","size":856,"isDir":false},{"path":"OneNote","isDir":true},{"path":"copilot","isDir":true},{"path":"Doc","isDir":true},{"path":"copilot/copilot-custom-prompts","isDir":true},{"path":"copilot/copilot-custom-prompts/Emojify.md","size":470,"isDir":false},{"path":"copilot/copilot-custom-prompts/Explain like I am 5.md","size":388,"isDir":false},{"path":"copilot/copilot-custom-prompts/Fix grammar and spelling.md","size":350,"isDir":false},{"path":"copilot/copilot-custom-prompts/Generate glossary.md","size":353,"isDir":false},{"path":"copilot/copilot-custom-prompts/Generate table of contents.md","size":357,"isDir":false},{"path":"copilot/copilot-custom-prompts/Make longer.md","size":379,"isDir":false},{"path":"copilot/copilot-custom-prompts/Make shorter.md","size":373,"isDir":false},{"path":"copilot/copilot-custom-prompts/Remove URLs.md","size":347,"isDir":false},{"path":"copilot/copilot-custom-prompts/Rewrite as tweet thread.md","size":500,"isDir":false},{"path":"copilot/copilot-custom-prompts/Rewrite as tweet.md","size":376,"isDir":false},{"path":"copilot/copilot-custom-prompts/Simplify.md","size":370,"isDir":false},{"path":"copilot/copilot-custom-prompts/Summarize.md","size":307,"isDir":false},{"path":"copilot/copilot-custom-prompts/Translate to Chinese.md","size":369,"isDir":false}]],"type":"debug","level":4,"tag":""}

{"date":"2025-12-05T14:42:51.844Z","args":["remote Stats",[]],"type":"debug","level":4,"tag":""}

{"date":"2025-12-05T14:42:51.844Z","args":[{"reason":"local file exists without a remote file","remotePath":"/黄宁的Obsidian2025.12.5/2025-11-25 光电子选修.md","localPath":"2025-11-25 光电子选修.md","conditions":{"recordExists":false,"remoteExists":false,"localExists":true}}],"type":"debug","level":4,"tag":""}

{"date":"2025-12-05T14:42:51.845Z","args":[{"reason":"local file exists without a remote file","remotePath":"/黄宁的Obsidian2025.12.5/2025-11-28.md","localPath":"2025-11-28.md","conditions":{"recordExists":false,"remoteExists":false,"localExists":true}}],"type":"debug","level":4,"tag":""}

{"date":"2025-12-05T14:42:51.845Z","args":[{"reason":"local file exists without a remote file","remotePath":"/黄宁的Obsidian2025.12.5/2025-11-29.md","localPath":"2025-11-29.md","conditions":{"recordExists":false,"remoteExists":false,"localExists":true}}],"type":"debug","level":4,"tag":""}

{"date":"2025-12-05T14:42:51.845Z","args":[{"reason":"local file exists without a remote file","remotePath":"/黄宁的Obsidian2025.12.5/2025-11-30.md","localPath":"2025-11-30.md","conditions":{"recordExists":false,"remoteExists":false,"localExists":true}}],"type":"debug","level":4,"tag":""}

{"date":"2025-12-05T14:42:51.845Z","args":[{"reason":"local file exists without a remote file","remotePath":"/黄宁的Obsidian2025.12.5/2025-10-18.md","localPath":"2025-10-18.md","conditions":{"recordExists":false,"remoteExists":false,"localExists":true}}],"type":"debug","level":4,"tag":""}

{"date":"2025-12-05T14:42:51.845Z","args":[{"reason":"local file exists without a remote file","remotePath":"/黄宁的Obsidian2025.12.5/2025-11-29 2.md","localPath":"2025-11-29 2.md","conditions":{"recordExists":false,"remoteExists":false,"localExists":true}}],"type":"debug","level":4,"tag":""}

{"date":"2025-12-05T14:42:51.845Z","args":[{"reason":"local file exists without a remote file","remotePath":"/黄宁的Obsidian2025.12.5/2025-12-02.md","localPath":"2025-12-02.md","conditions":{"recordExists":false,"remoteExists":false,"localExists":true}}],"type":"debug","level":4,"tag":""}

{"date":"2025-12-05T14:42:51.845Z","args":[{"reason":"local file exists without a remote file","remotePath":"/黄宁的Obsidian2025.12.5/4fbefc405337a64aec5d8516d404f12f.jpg","localPath":"4fbefc405337a64aec5d8516d404f12f.jpg","conditions":{"recordExists":false,"remoteExists":false,"localExists":true}}],"type":"debug","level":4,"tag":""}

{"date":"2025-12-05T14:42:51.845Z","args":[{"reason":"local file exists without a remote file","remotePath":"/黄宁的Obsidian2025.12.5/医学免疫学 (曹雪涛) (Z-Library) - 快捷方式.lnk","localPath":"医学免疫学 (曹雪涛) (Z-Library) - 快捷方式.lnk","conditions":{"recordExists":false,"remoteExists":false,"localExists":true}}],"type":"debug","level":4,"tag":""}

{"date":"2025-12-05T14:42:51.845Z","args":[{"reason":"local file exists without a remote file","remotePath":"/黄宁的Obsidian2025.12.5/医学免疫学 (曹雪涛) (Z-Library).pdf","localPath":"医学免疫学 (曹雪涛) (Z-Library).pdf","conditions":{"recordExists":false,"remoteExists":false,"localExists":true}}],"type":"debug","level":4,"tag":""}

{"date":"2025-12-05T14:42:51.845Z","args":[{"reason":"local file exists without a remote file","remotePath":"/黄宁的Obsidian2025.12.5/2025-12-04.md","localPath":"2025-12-04.md","conditions":{"recordExists":false,"remoteExists":false,"localExists":true}}],"type":"debug","level":4,"tag":""}

{"date":"2025-12-05T14:42:51.845Z","args":[{"reason":"local file exists without a remote file","remotePath":"/黄宁的Obsidian2025.12.5/微信图片_20240902223827.jpg","localPath":"微信图片_20240902223827.jpg","conditions":{"recordExists":false,"remoteExists":false,"localExists":true}}],"type":"debug","level":4,"tag":""}

{"date":"2025-12-05T14:42:51.845Z","args":[{"reason":"local file exists without a remote file","remotePath":"/黄宁的Obsidian2025.12.5/未命名 1.md","localPath":"未命名 1.md","conditions":{"recordExists":false,"remoteExists":false,"localExists":true}}],"type":"debug","level":4,"tag":""}

{"date":"2025-12-05T14:42:51.845Z","args":[{"reason":"local file exists without a remote file","remotePath":"/黄宁的Obsidian2025.12.5/未命名 2.md","localPath":"未命名 2.md","conditions":{"recordExists":false,"remoteExists":false,"localExists":true}}],"type":"debug","level":4,"tag":""}

{"date":"2025-12-05T14:42:51.845Z","args":[{"reason":"local file exists without a remote file","remotePath":"/黄宁的Obsidian2025.12.5/未命名.base","localPath":"未命名.base","conditions":{"recordExists":false,"remoteExists":false,"localExists":true}}],"type":"debug","level":4,"tag":""}

{"date":"2025-12-05T14:42:51.845Z","args":[{"reason":"local file exists without a remote file","remotePath":"/黄宁的Obsidian2025.12.5/未命名.md","localPath":"未命名.md","conditions":{"recordExists":false,"remoteExists":false,"localExists":true}}],"type":"debug","level":4,"tag":""}

{"date":"2025-12-05T14:42:51.845Z","args":[{"reason":"local file exists without a remote file","remotePath":"/黄宁的Obsidian2025.12.5/欢迎.md","localPath":"欢迎.md","conditions":{"recordExists":false,"remoteExists":false,"localExists":true}}],"type":"debug","level":4,"tag":""}

{"date":"2025-12-05T14:42:51.845Z","args":[{"reason":"local file exists without a remote file","remotePath":"/黄宁的Obsidian2025.12.5/copilot/copilot-custom-prompts/Emojify.md","localPath":"copilot/copilot-custom-prompts/Emojify.md","conditions":{"recordExists":false,"remoteExists":false,"localExists":true}}],"type":"debug","level":4,"tag":""}

{"date":"2025-12-05T14:42:51.845Z","args":[{"reason":"local file exists without a remote file","remotePath":"/黄宁的Obsidian2025.12.5/copilot/copilot-custom-prompts/Explain like I am 5.md","localPath":"copilot/copilot-custom-prompts/Explain like I am 5.md","conditions":{"recordExists":false,"remoteExists":false,"localExists":true}}],"type":"debug","level":4,"tag":""}

{"date":"2025-12-05T14:42:51.845Z","args":[{"reason":"local file exists without a remote file","remotePath":"/黄宁的Obsidian2025.12.5/copilot/copilot-custom-prompts/Fix grammar and spelling.md","localPath":"copilot/copilot-custom-prompts/Fix grammar and spelling.md","conditions":{"recordExists":false,"remoteExists":false,"localExists":true}}],"type":"debug","level":4,"tag":""}

{"date":"2025-12-05T14:42:51.845Z","args":[{"reason":"local file exists without a remote file","remotePath":"/黄宁的Obsidian2025.12.5/copilot/copilot-custom-prompts/Generate glossary.md","localPath":"copilot/copilot-custom-prompts/Generate glossary.md","conditions":{"recordExists":false,"remoteExists":false,"localExists":true}}],"type":"debug","level":4,"tag":""}

{"date":"2025-12-05T14:42:51.845Z","args":[{"reason":"local file exists without a remote file","remotePath":"/黄宁的Obsidian2025.12.5/copilot/copilot-custom-prompts/Generate table of contents.md","localPath":"copilot/copilot-custom-prompts/Generate table of contents.md","conditions":{"recordExists":false,"remoteExists":false,"localExists":true}}],"type":"debug","level":4,"tag":""}

{"date":"2025-12-05T14:42:51.845Z","args":[{"reason":"local file exists without a remote file","remotePath":"/黄宁的Obsidian2025.12.5/copilot/copilot-custom-prompts/Make longer.md","localPath":"copilot/copilot-custom-prompts/Make longer.md","conditions":{"recordExists":false,"remoteExists":false,"localExists":true}}],"type":"debug","level":4,"tag":""}

{"date":"2025-12-05T14:42:51.845Z","args":[{"reason":"local file exists without a remote file","remotePath":"/黄宁的Obsidian2025.12.5/copilot/copilot-custom-prompts/Make shorter.md","localPath":"copilot/copilot-custom-prompts/Make shorter.md","conditions":{"recordExists":false,"remoteExists":false,"localExists":true}}],"type":"debug","level":4,"tag":""}

{"date":"2025-12-05T14:42:51.845Z","args":[{"reason":"local file exists without a remote file","remotePath":"/黄宁的Obsidian2025.12.5/copilot/copilot-custom-prompts/Remove URLs.md","localPath":"copilot/copilot-custom-prompts/Remove URLs.md","conditions":{"recordExists":false,"remoteExists":false,"localExists":true}}],"type":"debug","level":4,"tag":""}

{"date":"2025-12-05T14:42:51.845Z","args":[{"reason":"local file exists without a remote file","remotePath":"/黄宁的Obsidian2025.12.5/copilot/copilot-custom-prompts/Rewrite as tweet thread.md","localPath":"copilot/copilot-custom-prompts/Rewrite as tweet thread.md","conditions":{"recordExists":false,"remoteExists":false,"localExists":true}}],"type":"debug","level":4,"tag":""}

{"date":"2025-12-05T14:42:51.845Z","args":[{"reason":"local file exists without a remote file","remotePath":"/黄宁的Obsidian2025.12.5/copilot/copilot-custom-prompts/Rewrite as tweet.md","localPath":"copilot/copilot-custom-prompts/Rewrite as tweet.md","conditions":{"recordExists":false,"remoteExists":false,"localExists":true}}],"type":"debug","level":4,"tag":""}

{"date":"2025-12-05T14:42:51.845Z","args":[{"reason":"local file exists without a remote file","remotePath":"/黄宁的Obsidian2025.12.5/copilot/copilot-custom-prompts/Simplify.md","localPath":"copilot/copilot-custom-prompts/Simplify.md","conditions":{"recordExists":false,"remoteExists":false,"localExists":true}}],"type":"debug","level":4,"tag":""}

{"date":"2025-12-05T14:42:51.845Z","args":[{"reason":"local file exists without a remote file","remotePath":"/黄宁的Obsidian2025.12.5/copilot/copilot-custom-prompts/Summarize.md","localPath":"copilot/copilot-custom-prompts/Summarize.md","conditions":{"recordExists":false,"remoteExists":false,"localExists":true}}],"type":"debug","level":4,"tag":""}

{"date":"2025-12-05T14:42:51.845Z","args":[{"reason":"local file exists without a remote file","remotePath":"/黄宁的Obsidian2025.12.5/copilot/copilot-custom-prompts/Translate to Chinese.md","localPath":"copilot/copilot-custom-prompts/Translate to Chinese.md","conditions":{"recordExists":false,"remoteExists":false,"localExists":true}}],"type":"debug","level":4,"tag":""}

{"date":"2025-12-05T14:42:51.845Z","args":[{"reason":"local folder does not exist remotely","remotePath":"/黄宁的Obsidian2025.12.5/OneNote","localPath":"OneNote","conditions":{"remoteExists":false,"recordExists":false}}],"type":"debug","level":4,"tag":""}

{"date":"2025-12-05T14:42:51.845Z","args":[{"reason":"local folder does not exist remotely","remotePath":"/黄宁的Obsidian2025.12.5/copilot","localPath":"copilot","conditions":{"remoteExists":false,"recordExists":false}}],"type":"debug","level":4,"tag":""}

{"date":"2025-12-05T14:42:51.845Z","args":[{"reason":"local folder does not exist remotely","remotePath":"/黄宁的Obsidian2025.12.5/Doc","localPath":"Doc","conditions":{"remoteExists":false,"recordExists":false}}],"type":"debug","level":4,"tag":""}

{"date":"2025-12-05T14:42:51.845Z","args":[{"reason":"local folder does not exist remotely","remotePath":"/黄宁的Obsidian2025.12.5/copilot/copilot-custom-prompts","localPath":"copilot/copilot-custom-prompts","conditions":{"remoteExists":false,"recordExists":false}}],"type":"debug","level":4,"tag":""}

{"date":"2025-12-05T14:42:51.850Z","args":["Starting to execute sync tasks",{"totalTasks":33}],"type":"debug","level":4,"tag":""}

{"date":"2025-12-05T14:42:51.850Z","args":["Executing task [1/33] OneNote",{"taskName":"创建远程目录","taskPath":"OneNote"}],"type":"debug","level":4,"tag":""}

{"date":"2025-12-05T14:42:52.744Z","args":[{"status":404,"headers":{"cache-control":"no-cache","content-length":"220","content-type":"text/xml; charset=UTF-8","date":"Fri, 05 Dec 2025 14:42:34 GMT","pragma":"no-cache","server":"nginx"},"arrayBuffer":{},"json":"Unexpected token '<', \"<?xml vers\"... is not valid JSON","text":"<?xml version=\"1.0\" encoding=\"UTF-8\" standalone=\"no\"?><d:error xmlns:d=\"DAV:\" xmlns:s=\"http://ns.jianguoyun.com\"><s:exception>ObjectNotFound</s:exception><s:message>the object /OneNote doesn't exist</s:message></d:error>"}],"type":"error","level":0,"tag":""}

{"date":"2025-12-05T14:42:52.871Z","args":["Task completed [1/33] OneNote",{"taskName":"创建远程目录","taskPath":"OneNote","result":{"success":true}}],"type":"debug","level":4,"tag":""}

{"date":"2025-12-05T14:42:52.872Z","args":["Executing task [2/33] copilot",{"taskName":"创建远程目录","taskPath":"copilot"}],"type":"debug","level":4,"tag":""}

{"date":"2025-12-05T14:42:53.881Z","args":[{"status":404,"headers":{"cache-control":"no-cache","content-length":"220","content-type":"text/xml; charset=UTF-8","date":"Fri, 05 Dec 2025 14:42:35 GMT","pragma":"no-cache","server":"nginx"},"arrayBuffer":{},"json":"Unexpected token '<', \"<?xml vers\"... is not valid JSON","text":"<?xml version=\"1.0\" encoding=\"UTF-8\" standalone=\"no\"?><d:error xmlns:d=\"DAV:\" xmlns:s=\"http://ns.jianguoyun.com\"><s:exception>ObjectNotFound</s:exception><s:message>the object /copilot doesn't exist</s:message></d:error>"}],"type":"error","level":0,"tag":""}

{"date":"2025-12-05T14:42:54.013Z","args":["Task completed [2/33] copilot",{"taskName":"创建远程目录","taskPath":"copilot","result":{"success":true}}],"type":"debug","level":4,"tag":""}

{"date":"2025-12-05T14:42:54.013Z","args":["Executing task [3/33] Doc",{"taskName":"创建远程目录","taskPath":"Doc"}],"type":"debug","level":4,"tag":""}

{"date":"2025-12-05T14:42:54.932Z","args":[{"status":404,"headers":{"cache-control":"no-cache","content-length":"216","content-type":"text/xml; charset=UTF-8","date":"Fri, 05 Dec 2025 14:42:36 GMT","pragma":"no-cache","server":"nginx"},"arrayBuffer":{},"json":"Unexpected token '<', \"<?xml vers\"... is not valid JSON","text":"<?xml version=\"1.0\" encoding=\"UTF-8\" standalone=\"no\"?><d:error xmlns:d=\"DAV:\" xmlns:s=\"http://ns.jianguoyun.com\"><s:exception>ObjectNotFound</s:exception><s:message>the object /Doc doesn't exist</s:message></d:error>"}],"type":"error","level":0,"tag":""}

{"date":"2025-12-05T14:42:55.067Z","args":["Task completed [3/33] Doc",{"taskName":"创建远程目录","taskPath":"Doc","result":{"success":true}}],"type":"debug","level":4,"tag":""}

{"date":"2025-12-05T14:42:55.067Z","args":["Executing task [4/33] copilot/copilot-custom-prompts",{"taskName":"创建远程目录","taskPath":"copilot/copilot-custom-prompts"}],"type":"debug","level":4,"tag":""}

{"date":"2025-12-05T14:42:56.558Z","args":[{"status":404,"headers":{"cache-control":"no-cache","content-length":"243","content-type":"text/xml; charset=UTF-8","date":"Fri, 05 Dec 2025 14:42:37 GMT","pragma":"no-cache","server":"nginx"},"arrayBuffer":{},"json":"Unexpected token '<', \"<?xml vers\"... is not valid JSON","text":"<?xml version=\"1.0\" encoding=\"UTF-8\" standalone=\"no\"?><d:error xmlns:d=\"DAV:\" xmlns:s=\"http://ns.jianguoyun.com\"><s:exception>ObjectNotFound</s:exception><s:message>the object /copilot/copilot-custom-prompts doesn't exist</s:message></d:error>"}],"type":"error","level":0,"tag":""}

{"date":"2025-12-05T14:42:56.668Z","args":["Task completed [4/33] copilot/copilot-custom-prompts",{"taskName":"创建远程目录","taskPath":"copilot/copilot-custom-prompts","result":{"success":true}}],"type":"debug","level":4,"tag":""}

{"date":"2025-12-05T14:42:56.668Z","args":["Executing task [5/33] 2025-11-25 光电子选修.md",{"taskName":"上传","taskPath":"2025-11-25 光电子选修.md"}],"type":"debug","level":4,"tag":""}

{"date":"2025-12-05T14:42:56.840Z","args":["Task completed [5/33] 2025-11-25 光电子选修.md",{"taskName":"上传","taskPath":"2025-11-25 光电子选修.md","result":{"success":true}}],"type":"debug","level":4,"tag":""}

{"date":"2025-12-05T14:42:56.840Z","args":["Executing task [6/33] 2025-11-28.md",{"taskName":"上传","taskPath":"2025-11-28.md"}],"type":"debug","level":4,"tag":""}

{"date":"2025-12-05T14:42:57.061Z","args":["Task completed [6/33] 2025-11-28.md",{"taskName":"上传","taskPath":"2025-11-28.md","result":{"success":true}}],"type":"debug","level":4,"tag":""}

{"date":"2025-12-05T14:42:57.061Z","args":["Executing task [7/33] 2025-11-29.md",{"taskName":"上传","taskPath":"2025-11-29.md"}],"type":"debug","level":4,"tag":""}

{"date":"2025-12-05T14:42:57.322Z","args":["Task completed [7/33] 2025-11-29.md",{"taskName":"上传","taskPath":"2025-11-29.md","result":{"success":true}}],"type":"debug","level":4,"tag":""}

{"date":"2025-12-05T14:42:57.323Z","args":["Executing task [8/33] 2025-11-30.md",{"taskName":"上传","taskPath":"2025-11-30.md"}],"type":"debug","level":4,"tag":""}

{"date":"2025-12-05T14:42:57.437Z","args":["Task completed [8/33] 2025-11-30.md",{"taskName":"上传","taskPath":"2025-11-30.md","result":{"success":true}}],"type":"debug","level":4,"tag":""}

{"date":"2025-12-05T14:42:57.438Z","args":["Executing task [9/33] 2025-10-18.md",{"taskName":"上传","taskPath":"2025-10-18.md"}],"type":"debug","level":4,"tag":""}

{"date":"2025-12-05T14:42:58.111Z","args":["Task completed [9/33] 2025-10-18.md",{"taskName":"上传","taskPath":"2025-10-18.md","result":{"success":true}}],"type":"debug","level":4,"tag":""}

{"date":"2025-12-05T14:42:58.111Z","args":["Executing task [10/33] 2025-11-29 2.md",{"taskName":"上传","taskPath":"2025-11-29 2.md"}],"type":"debug","level":4,"tag":""}

{"date":"2025-12-05T14:42:58.349Z","args":["Task completed [10/33] 2025-11-29 2.md",{"taskName":"上传","taskPath":"2025-11-29 2.md","result":{"success":true}}],"type":"debug","level":4,"tag":""}

{"date":"2025-12-05T14:42:58.350Z","args":["Executing task [11/33] 2025-12-02.md",{"taskName":"上传","taskPath":"2025-12-02.md"}],"type":"debug","level":4,"tag":""}

{"date":"2025-12-05T14:42:58.520Z","args":["Task completed [11/33] 2025-12-02.md",{"taskName":"上传","taskPath":"2025-12-02.md","result":{"success":true}}],"type":"debug","level":4,"tag":""}

{"date":"2025-12-05T14:42:58.520Z","args":["Executing task [12/33] 4fbefc405337a64aec5d8516d404f12f.jpg",{"taskName":"上传","taskPath":"4fbefc405337a64aec5d8516d404f12f.jpg"}],"type":"debug","level":4,"tag":""}

{"date":"2025-12-05T14:43:01.032Z","args":["Task completed [12/33] 4fbefc405337a64aec5d8516d404f12f.jpg",{"taskName":"上传","taskPath":"4fbefc405337a64aec5d8516d404f12f.jpg","result":{"success":true}}],"type":"debug","level":4,"tag":""}

{"date":"2025-12-05T14:43:01.032Z","args":["Executing task [13/33] 医学免疫学 (曹雪涛) (Z-Library) - 快捷方式.lnk",{"taskName":"上传","taskPath":"医学免疫学 (曹雪涛) (Z-Library) - 快捷方式.lnk"}],"type":"debug","level":4,"tag":""}

{"date":"2025-12-05T14:43:01.562Z","args":["Task completed [13/33] 医学免疫学 (曹雪涛) (Z-Library) - 快捷方式.lnk",{"taskName":"上传","taskPath":"医学免疫学 (曹雪涛) (Z-Library) - 快捷方式.lnk","result":{"success":true}}],"type":"debug","level":4,"tag":""}

{"date":"2025-12-05T14:43:01.562Z","args":["Executing task [14/33] 2025-12-04.md",{"taskName":"上传","taskPath":"2025-12-04.md"}],"type":"debug","level":4,"tag":""}

{"date":"2025-12-05T14:43:02.082Z","args":["Task completed [14/33] 2025-12-04.md",{"taskName":"上传","taskPath":"2025-12-04.md","result":{"success":true}}],"type":"debug","level":4,"tag":""}

{"date":"2025-12-05T14:43:02.082Z","args":["Executing task [15/33] 微信图片_20240902223827.jpg",{"taskName":"上传","taskPath":"微信图片_20240902223827.jpg"}],"type":"debug","level":4,"tag":""}

{"date":"2025-12-05T14:43:02.624Z","args":["Task completed [15/33] 微信图片_20240902223827.jpg",{"taskName":"上传","taskPath":"微信图片_20240902223827.jpg","result":{"success":true}}],"type":"debug","level":4,"tag":""}

{"date":"2025-12-05T14:43:02.624Z","args":["Executing task [16/33] 未命名 1.md",{"taskName":"上传","taskPath":"未命名 1.md"}],"type":"debug","level":4,"tag":""}

{"date":"2025-12-05T14:43:02.736Z","args":["Task completed [16/33] 未命名 1.md",{"taskName":"上传","taskPath":"未命名 1.md","result":{"success":true}}],"type":"debug","level":4,"tag":""}

{"date":"2025-12-05T14:43:02.736Z","args":["Executing task [17/33] 未命名 2.md",{"taskName":"上传","taskPath":"未命名 2.md"}],"type":"debug","level":4,"tag":""}

{"date":"2025-12-05T14:43:02.949Z","args":["Task completed [17/33] 未命名 2.md",{"taskName":"上传","taskPath":"未命名 2.md","result":{"success":true}}],"type":"debug","level":4,"tag":""}

{"date":"2025-12-05T14:43:02.949Z","args":["Executing task [18/33] 未命名.base",{"taskName":"上传","taskPath":"未命名.base"}],"type":"debug","level":4,"tag":""}

{"date":"2025-12-05T14:43:03.281Z","args":["Task completed [18/33] 未命名.base",{"taskName":"上传","taskPath":"未命名.base","result":{"success":true}}],"type":"debug","level":4,"tag":""}

{"date":"2025-12-05T14:43:03.281Z","args":["Executing task [19/33] 未命名.md",{"taskName":"上传","taskPath":"未命名.md"}],"type":"debug","level":4,"tag":""}

{"date":"2025-12-05T14:43:03.783Z","args":["Task completed [19/33] 未命名.md",{"taskName":"上传","taskPath":"未命名.md","result":{"success":true}}],"type":"debug","level":4,"tag":""}

{"date":"2025-12-05T14:43:03.784Z","args":["Executing task [20/33] 欢迎.md",{"taskName":"上传","taskPath":"欢迎.md"}],"type":"debug","level":4,"tag":""}

{"date":"2025-12-05T14:43:04.025Z","args":["Task completed [20/33] 欢迎.md",{"taskName":"上传","taskPath":"欢迎.md","result":{"success":true}}],"type":"debug","level":4,"tag":""}

{"date":"2025-12-05T14:43:04.025Z","args":["Executing task [21/33] copilot/copilot-custom-prompts/Emojify.md",{"taskName":"上传","taskPath":"copilot/copilot-custom-prompts/Emojify.md"}],"type":"debug","level":4,"tag":""}

{"date":"2025-12-05T14:43:04.218Z","args":["Task completed [21/33] copilot/copilot-custom-prompts/Emojify.md",{"taskName":"上传","taskPath":"copilot/copilot-custom-prompts/Emojify.md","result":{"success":true}}],"type":"debug","level":4,"tag":""}

{"date":"2025-12-05T14:43:04.218Z","args":["Executing task [22/33] copilot/copilot-custom-prompts/Explain like I am 5.md",{"taskName":"上传","taskPath":"copilot/copilot-custom-prompts/Explain like I am 5.md"}],"type":"debug","level":4,"tag":""}

{"date":"2025-12-05T14:43:04.395Z","args":["Task completed [22/33] copilot/copilot-custom-prompts/Explain like I am 5.md",{"taskName":"上传","taskPath":"copilot/copilot-custom-prompts/Explain like I am 5.md","result":{"success":true}}],"type":"debug","level":4,"tag":""}

{"date":"2025-12-05T14:43:04.395Z","args":["Executing task [23/33] copilot/copilot-custom-prompts/Fix grammar and spelling.md",{"taskName":"上传","taskPath":"copilot/copilot-custom-prompts/Fix grammar and spelling.md"}],"type":"debug","level":4,"tag":""}

{"date":"2025-12-05T14:43:04.643Z","args":["Task completed [23/33] copilot/copilot-custom-prompts/Fix grammar and spelling.md",{"taskName":"上传","taskPath":"copilot/copilot-custom-prompts/Fix grammar and spelling.md","result":{"success":true}}],"type":"debug","level":4,"tag":""}

{"date":"2025-12-05T14:43:04.643Z","args":["Executing task [24/33] copilot/copilot-custom-prompts/Generate glossary.md",{"taskName":"上传","taskPath":"copilot/copilot-custom-prompts/Generate glossary.md"}],"type":"debug","level":4,"tag":""}

{"date":"2025-12-05T14:43:04.864Z","args":["Task completed [24/33] copilot/copilot-custom-prompts/Generate glossary.md",{"taskName":"上传","taskPath":"copilot/copilot-custom-prompts/Generate glossary.md","result":{"success":true}}],"type":"debug","level":4,"tag":""}

{"date":"2025-12-05T14:43:04.864Z","args":["Executing task [25/33] copilot/copilot-custom-prompts/Generate table of contents.md",{"taskName":"上传","taskPath":"copilot/copilot-custom-prompts/Generate table of contents.md"}],"type":"debug","level":4,"tag":""}

{"date":"2025-12-05T14:43:05.029Z","args":["Task completed [25/33] copilot/copilot-custom-prompts/Generate table of contents.md",{"taskName":"上传","taskPath":"copilot/copilot-custom-prompts/Generate table of contents.md","result":{"success":true}}],"type":"debug","level":4,"tag":""}

{"date":"2025-12-05T14:43:05.029Z","args":["Executing task [26/33] copilot/copilot-custom-prompts/Make longer.md",{"taskName":"上传","taskPath":"copilot/copilot-custom-prompts/Make longer.md"}],"type":"debug","level":4,"tag":""}

{"date":"2025-12-05T14:43:05.248Z","args":["Task completed [26/33] copilot/copilot-custom-prompts/Make longer.md",{"taskName":"上传","taskPath":"copilot/copilot-custom-prompts/Make longer.md","result":{"success":true}}],"type":"debug","level":4,"tag":""}

{"date":"2025-12-05T14:43:05.248Z","args":["Executing task [27/33] copilot/copilot-custom-prompts/Make shorter.md",{"taskName":"上传","taskPath":"copilot/copilot-custom-prompts/Make shorter.md"}],"type":"debug","level":4,"tag":""}

{"date":"2025-12-05T14:43:05.761Z","args":["Task completed [27/33] copilot/copilot-custom-prompts/Make shorter.md",{"taskName":"上传","taskPath":"copilot/copilot-custom-prompts/Make shorter.md","result":{"success":true}}],"type":"debug","level":4,"tag":""}

{"date":"2025-12-05T14:43:05.762Z","args":["Executing task [28/33] copilot/copilot-custom-prompts/Remove URLs.md",{"taskName":"上传","taskPath":"copilot/copilot-custom-prompts/Remove URLs.md"}],"type":"debug","level":4,"tag":""}

{"date":"2025-12-05T14:43:05.934Z","args":["Task completed [28/33] copilot/copilot-custom-prompts/Remove URLs.md",{"taskName":"上传","taskPath":"copilot/copilot-custom-prompts/Remove URLs.md","result":{"success":true}}],"type":"debug","level":4,"tag":""}

{"date":"2025-12-05T14:43:05.934Z","args":["Executing task [29/33] copilot/copilot-custom-prompts/Rewrite as tweet thread.md",{"taskName":"上传","taskPath":"copilot/copilot-custom-prompts/Rewrite as tweet thread.md"}],"type":"debug","level":4,"tag":""}

{"date":"2025-12-05T14:43:06.163Z","args":["Task completed [29/33] copilot/copilot-custom-prompts/Rewrite as tweet thread.md",{"taskName":"上传","taskPath":"copilot/copilot-custom-prompts/Rewrite as tweet thread.md","result":{"success":true}}],"type":"debug","level":4,"tag":""}

{"date":"2025-12-05T14:43:06.163Z","args":["Executing task [30/33] copilot/copilot-custom-prompts/Rewrite as tweet.md",{"taskName":"上传","taskPath":"copilot/copilot-custom-prompts/Rewrite as tweet.md"}],"type":"debug","level":4,"tag":""}

{"date":"2025-12-05T14:43:06.332Z","args":["Task completed [30/33] copilot/copilot-custom-prompts/Rewrite as tweet.md",{"taskName":"上传","taskPath":"copilot/copilot-custom-prompts/Rewrite as tweet.md","result":{"success":true}}],"type":"debug","level":4,"tag":""}

{"date":"2025-12-05T14:43:06.332Z","args":["Executing task [31/33] copilot/copilot-custom-prompts/Simplify.md",{"taskName":"上传","taskPath":"copilot/copilot-custom-prompts/Simplify.md"}],"type":"debug","level":4,"tag":""}

{"date":"2025-12-05T14:43:06.546Z","args":["Task completed [31/33] copilot/copilot-custom-prompts/Simplify.md",{"taskName":"上传","taskPath":"copilot/copilot-custom-prompts/Simplify.md","result":{"success":true}}],"type":"debug","level":4,"tag":""}

{"date":"2025-12-05T14:43:06.547Z","args":["Executing task [32/33] copilot/copilot-custom-prompts/Summarize.md",{"taskName":"上传","taskPath":"copilot/copilot-custom-prompts/Summarize.md"}],"type":"debug","level":4,"tag":""}

{"date":"2025-12-05T14:43:06.793Z","args":["Task completed [32/33] copilot/copilot-custom-prompts/Summarize.md",{"taskName":"上传","taskPath":"copilot/copilot-custom-prompts/Summarize.md","result":{"success":true}}],"type":"debug","level":4,"tag":""}

{"date":"2025-12-05T14:43:06.793Z","args":["Executing task [33/33] copilot/copilot-custom-prompts/Translate to Chinese.md",{"taskName":"上传","taskPath":"copilot/copilot-custom-prompts/Translate to Chinese.md"}],"type":"debug","level":4,"tag":""}

{"date":"2025-12-05T14:43:06.960Z","args":["Task completed [33/33] copilot/copilot-custom-prompts/Translate to Chinese.md",{"taskName":"上传","taskPath":"copilot/copilot-custom-prompts/Translate to Chinese.md","result":{"success":true}}],"type":"debug","level":4,"tag":""}

{"date":"2025-12-05T14:43:06.960Z","args":["All tasks execution completed",{"totalTasks":33,"successCount":33,"failedCount":0}],"type":"debug","level":4,"tag":""}

{"date":"2025-12-05T14:43:06.962Z","args":["tasks result",[{"success":true},{"success":true},{"success":true},{"success":true},{"success":true},{"success":true},{"success":true},{"success":true},{"success":true},{"success":true},{"success":true},{"success":true},{"success":true},{"success":true},{"success":true},{"success":true},{"success":true},{"success":true},{"success":true},{"success":true},{"success":true},{"success":true},{"success":true},{"success":true},{"success":true},{"success":true},{"success":true},{"success":true},{"success":true},{"success":true},{"success":true},{"success":true},{"success":true}],"failed:",0],"type":"debug","level":4,"tag":""}

{"date":"2025-12-05T14:43:08.190Z","args":["Records saving completed",{"recordsSize":33,"elapsedMs":64}],"type":"debug","level":4,"tag":""}

{"date":"2025-12-05T14:43:51.224Z","args":["local Stats",[{"path":"2025-11-25 光电子选修.md","size":761,"isDir":false},{"path":"2025-11-28.md","size":428,"isDir":false},{"path":"2025-11-29.md","size":192,"isDir":false},{"path":"2025-11-30.md","size":0,"isDir":false},{"path":"2025-10-18.md","size":35,"isDir":false},{"path":"2025-11-29 2.md","size":736,"isDir":false},{"path":"2025-12-02.md","size":821,"isDir":false},{"path":"4fbefc405337a64aec5d8516d404f12f.jpg","size":131552,"isDir":false},{"path":"医学免疫学 (曹雪涛) (Z-Library) - 快捷方式.lnk","size":1326,"isDir":false},{"path":"医学免疫学 (曹雪涛) (Z-Library).pdf","size":37572902,"isDir":false},{"path":"2025-12-04.md","size":90,"isDir":false},{"path":"微信图片_20240902223827.jpg","size":92572,"isDir":false},{"path":"未命名 1.md","size":0,"isDir":false},{"path":"未命名 2.md","size":0,"isDir":false},{"path":"未命名.base","size":40,"isDir":false},{"path":"未命名.md","size":0,"isDir":false},{"path":"欢迎.md","size":856,"isDir":false},{"path":"OneNote","isDir":true},{"path":"copilot","isDir":true},{"path":"Doc","isDir":true},{"path":"copilot/copilot-custom-prompts","isDir":true},{"path":"copilot/copilot-custom-prompts/Emojify.md","size":470,"isDir":false},{"path":"copilot/copilot-custom-prompts/Explain like I am 5.md","size":388,"isDir":false},{"path":"copilot/copilot-custom-prompts/Fix grammar and spelling.md","size":350,"isDir":false},{"path":"copilot/copilot-custom-prompts/Generate glossary.md","size":353,"isDir":false},{"path":"copilot/copilot-custom-prompts/Generate table of contents.md","size":357,"isDir":false},{"path":"copilot/copilot-custom-prompts/Make longer.md","size":379,"isDir":false},{"path":"copilot/copilot-custom-prompts/Make shorter.md","size":373,"isDir":false},{"path":"copilot/copilot-custom-prompts/Remove URLs.md","size":347,"isDir":false},{"path":"copilot/copilot-custom-prompts/Rewrite as tweet thread.md","size":500,"isDir":false},{"path":"copilot/copilot-custom-prompts/Rewrite as tweet.md","size":376,"isDir":false},{"path":"copilot/copilot-custom-prompts/Simplify.md","size":370,"isDir":false},{"path":"copilot/copilot-custom-prompts/Summarize.md","size":307,"isDir":false},{"path":"copilot/copilot-custom-prompts/Translate to Chinese.md","size":369,"isDir":false}]],"type":"debug","level":4,"tag":""}

{"date":"2025-12-05T14:43:51.224Z","args":["remote Stats",[{"path":"OneNote","isDir":true},{"path":"copilot","isDir":true},{"path":"Doc","isDir":true},{"path":"copilot/copilot-custom-prompts","isDir":true},{"path":"2025-11-25 光电子选修.md","size":761,"isDir":false},{"path":"2025-11-28.md","size":428,"isDir":false},{"path":"2025-11-29.md","size":192,"isDir":false},{"path":"2025-11-30.md","size":0,"isDir":false},{"path":"2025-10-18.md","size":35,"isDir":false},{"path":"2025-11-29 2.md","size":736,"isDir":false},{"path":"2025-12-02.md","size":821,"isDir":false},{"path":"4fbefc405337a64aec5d8516d404f12f.jpg","size":131552,"isDir":false},{"path":"医学免疫学 (曹雪涛) (Z-Library) - 快捷方式.lnk","size":1326,"isDir":false},{"path":"2025-12-04.md","size":90,"isDir":false},{"path":"微信图片_20240902223827.jpg","size":92572,"isDir":false},{"path":"未命名 1.md","size":0,"isDir":false},{"path":"未命名 2.md","size":0,"isDir":false},{"path":"未命名.base","size":40,"isDir":false},{"path":"未命名.md","size":0,"isDir":false},{"path":"欢迎.md","size":856,"isDir":false},{"path":"copilot/copilot-custom-prompts/Emojify.md","size":470,"isDir":false},{"path":"copilot/copilot-custom-prompts/Explain like I am 5.md","size":388,"isDir":false},{"path":"copilot/copilot-custom-prompts/Fix grammar and spelling.md","size":350,"isDir":false},{"path":"copilot/copilot-custom-prompts/Generate glossary.md","size":353,"isDir":false},{"path":"copilot/copilot-custom-prompts/Generate table of contents.md","size":357,"isDir":false},{"path":"copilot/copilot-custom-prompts/Make longer.md","size":379,"isDir":false},{"path":"copilot/copilot-custom-prompts/Make shorter.md","size":373,"isDir":false},{"path":"copilot/copilot-custom-prompts/Remove URLs.md","size":347,"isDir":false},{"path":"copilot/copilot-custom-prompts/Rewrite as tweet thread.md","size":500,"isDir":false},{"path":"copilot/copilot-custom-prompts/Rewrite as tweet.md","size":376,"isDir":false},{"path":"copilot/copilot-custom-prompts/Simplify.md","size":370,"isDir":false},{"path":"copilot/copilot-custom-prompts/Summarize.md","size":307,"isDir":false},{"path":"copilot/copilot-custom-prompts/Translate to Chinese.md","size":369,"isDir":false}]],"type":"debug","level":4,"tag":""}

{"date":"2025-12-05T14:43:51.224Z","args":[{"reason":"local file exists without a remote file","remotePath":"/黄宁的Obsidian2025.12.5/医学免疫学 (曹雪涛) (Z-Library).pdf","localPath":"医学免疫学 (曹雪涛) (Z-Library).pdf","conditions":{"recordExists":false,"remoteExists":false,"localExists":true}}],"type":"debug","level":4,"tag":""}

{"date":"2025-12-05T14:45:31.121Z","args":["local Stats",[{"path":"2025-11-25 光电子选修.md","size":761,"isDir":false},{"path":"2025-11-28.md","size":428,"isDir":false},{"path":"2025-11-29.md","size":192,"isDir":false},{"path":"2025-11-30.md","size":0,"isDir":false},{"path":"2025-10-18.md","size":35,"isDir":false},{"path":"2025-11-29 2.md","size":736,"isDir":false},{"path":"2025-12-02.md","size":821,"isDir":false},{"path":"4fbefc405337a64aec5d8516d404f12f.jpg","size":131552,"isDir":false},{"path":"医学免疫学 (曹雪涛) (Z-Library) - 快捷方式.lnk","size":1326,"isDir":false},{"path":"医学免疫学 (曹雪涛) (Z-Library).pdf","size":37572902,"isDir":false},{"path":"2025-12-04.md","size":90,"isDir":false},{"path":"微信图片_20240902223827.jpg","size":92572,"isDir":false},{"path":"未命名 1.md","size":0,"isDir":false},{"path":"未命名 2.md","size":0,"isDir":false},{"path":"未命名.base","size":40,"isDir":false},{"path":"未命名.md","size":0,"isDir":false},{"path":"欢迎.md","size":856,"isDir":false},{"path":"OneNote","isDir":true},{"path":"copilot","isDir":true},{"path":"Doc","isDir":true},{"path":"copilot/copilot-custom-prompts","isDir":true},{"path":"copilot/copilot-custom-prompts/Emojify.md","size":470,"isDir":false},{"path":"copilot/copilot-custom-prompts/Explain like I am 5.md","size":388,"isDir":false},{"path":"copilot/copilot-custom-prompts/Fix grammar and spelling.md","size":350,"isDir":false},{"path":"copilot/copilot-custom-prompts/Generate glossary.md","size":353,"isDir":false},{"path":"copilot/copilot-custom-prompts/Generate table of contents.md","size":357,"isDir":false},{"path":"copilot/copilot-custom-prompts/Make longer.md","size":379,"isDir":false},{"path":"copilot/copilot-custom-prompts/Make shorter.md","size":373,"isDir":false},{"path":"copilot/copilot-custom-prompts/Remove URLs.md","size":347,"isDir":false},{"path":"copilot/copilot-custom-prompts/Rewrite as tweet thread.md","size":500,"isDir":false},{"path":"copilot/copilot-custom-prompts/Rewrite as tweet.md","size":376,"isDir":false},{"path":"copilot/copilot-custom-prompts/Simplify.md","size":370,"isDir":false},{"path":"copilot/copilot-custom-prompts/Summarize.md","size":307,"isDir":false},{"path":"copilot/copilot-custom-prompts/Translate to Chinese.md","size":369,"isDir":false}]],"type":"debug","level":4,"tag":""}

{"date":"2025-12-05T14:45:31.121Z","args":["remote Stats",[{"path":"OneNote","isDir":true},{"path":"copilot","isDir":true},{"path":"Doc","isDir":true},{"path":"copilot/copilot-custom-prompts","isDir":true},{"path":"2025-11-25 光电子选修.md","size":761,"isDir":false},{"path":"2025-11-28.md","size":428,"isDir":false},{"path":"2025-11-29.md","size":192,"isDir":false},{"path":"2025-11-30.md","size":0,"isDir":false},{"path":"2025-10-18.md","size":35,"isDir":false},{"path":"2025-11-29 2.md","size":736,"isDir":false},{"path":"2025-12-02.md","size":821,"isDir":false},{"path":"4fbefc405337a64aec5d8516d404f12f.jpg","size":131552,"isDir":false},{"path":"医学免疫学 (曹雪涛) (Z-Library) - 快捷方式.lnk","size":1326,"isDir":false},{"path":"2025-12-04.md","size":90,"isDir":false},{"path":"微信图片_20240902223827.jpg","size":92572,"isDir":false},{"path":"未命名 1.md","size":0,"isDir":false},{"path":"未命名 2.md","size":0,"isDir":false},{"path":"未命名.base","size":40,"isDir":false},{"path":"未命名.md","size":0,"isDir":false},{"path":"欢迎.md","size":856,"isDir":false},{"path":"copilot/copilot-custom-prompts/Emojify.md","size":470,"isDir":false},{"path":"copilot/copilot-custom-prompts/Explain like I am 5.md","size":388,"isDir":false},{"path":"copilot/copilot-custom-prompts/Fix grammar and spelling.md","size":350,"isDir":false},{"path":"copilot/copilot-custom-prompts/Generate glossary.md","size":353,"isDir":false},{"path":"copilot/copilot-custom-prompts/Generate table of contents.md","size":357,"isDir":false},{"path":"copilot/copilot-custom-prompts/Make longer.md","size":379,"isDir":false},{"path":"copilot/copilot-custom-prompts/Make shorter.md","size":373,"isDir":false},{"path":"copilot/copilot-custom-prompts/Remove URLs.md","size":347,"isDir":false},{"path":"copilot/copilot-custom-prompts/Rewrite as tweet thread.md","size":500,"isDir":false},{"path":"copilot/copilot-custom-prompts/Rewrite as tweet.md","size":376,"isDir":false},{"path":"copilot/copilot-custom-prompts/Simplify.md","size":370,"isDir":false},{"path":"copilot/copilot-custom-prompts/Summarize.md","size":307,"isDir":false},{"path":"copilot/copilot-custom-prompts/Translate to Chinese.md","size":369,"isDir":false}]],"type":"debug","level":4,"tag":""}

{"date":"2025-12-05T14:45:31.121Z","args":[{"reason":"local file exists without a remote file","remotePath":"/黄宁的Obsidian2025.12.5/医学免疫学 (曹雪涛) (Z-Library).pdf","localPath":"医学免疫学 (曹雪涛) (Z-Library).pdf","conditions":{"recordExists":false,"remoteExists":false,"localExists":true}}],"type":"debug","level":4,"tag":""}

{"date":"2025-12-05T14:46:31.019Z","args":["local Stats",[{"path":"2025-11-25 光电子选修.md","size":761,"isDir":false},{"path":"2025-11-28.md","size":428,"isDir":false},{"path":"2025-11-29.md","size":192,"isDir":false},{"path":"2025-11-30.md","size":0,"isDir":false},{"path":"2025-10-18.md","size":35,"isDir":false},{"path":"2025-11-29 2.md","size":736,"isDir":false},{"path":"2025-12-02.md","size":821,"isDir":false},{"path":"4fbefc405337a64aec5d8516d404f12f.jpg","size":131552,"isDir":false},{"path":"医学免疫学 (曹雪涛) (Z-Library) - 快捷方式.lnk","size":1326,"isDir":false},{"path":"医学免疫学 (曹雪涛) (Z-Library).pdf","size":37572902,"isDir":false},{"path":"2025-12-04.md","size":90,"isDir":false},{"path":"微信图片_20240902223827.jpg","size":92572,"isDir":false},{"path":"未命名 1.md","size":0,"isDir":false},{"path":"未命名 2.md","size":0,"isDir":false},{"path":"未命名.base","size":40,"isDir":false},{"path":"未命名.md","size":0,"isDir":false},{"path":"欢迎.md","size":856,"isDir":false},{"path":"OneNote","isDir":true},{"path":"copilot","isDir":true},{"path":"Doc","isDir":true},{"path":"copilot/copilot-custom-prompts","isDir":true},{"path":"copilot/copilot-custom-prompts/Emojify.md","size":470,"isDir":false},{"path":"copilot/copilot-custom-prompts/Explain like I am 5.md","size":388,"isDir":false},{"path":"copilot/copilot-custom-prompts/Fix grammar and spelling.md","size":350,"isDir":false},{"path":"copilot/copilot-custom-prompts/Generate glossary.md","size":353,"isDir":false},{"path":"copilot/copilot-custom-prompts/Generate table of contents.md","size":357,"isDir":false},{"path":"copilot/copilot-custom-prompts/Make longer.md","size":379,"isDir":false},{"path":"copilot/copilot-custom-prompts/Make shorter.md","size":373,"isDir":false},{"path":"copilot/copilot-custom-prompts/Remove URLs.md","size":347,"isDir":false},{"path":"copilot/copilot-custom-prompts/Rewrite as tweet thread.md","size":500,"isDir":false},{"path":"copilot/copilot-custom-prompts/Rewrite as tweet.md","size":376,"isDir":false},{"path":"copilot/copilot-custom-prompts/Simplify.md","size":370,"isDir":false},{"path":"copilot/copilot-custom-prompts/Summarize.md","size":307,"isDir":false},{"path":"copilot/copilot-custom-prompts/Translate to Chinese.md","size":369,"isDir":false}]],"type":"debug","level":4,"tag":""}

{"date":"2025-12-05T14:46:31.019Z","args":["remote Stats",[{"path":"OneNote","isDir":true},{"path":"copilot","isDir":true},{"path":"Doc","isDir":true},{"path":"copilot/copilot-custom-prompts","isDir":true},{"path":"2025-11-25 光电子选修.md","size":761,"isDir":false},{"path":"2025-11-28.md","size":428,"isDir":false},{"path":"2025-11-29.md","size":192,"isDir":false},{"path":"2025-11-30.md","size":0,"isDir":false},{"path":"2025-10-18.md","size":35,"isDir":false},{"path":"2025-11-29 2.md","size":736,"isDir":false},{"path":"2025-12-02.md","size":821,"isDir":false},{"path":"4fbefc405337a64aec5d8516d404f12f.jpg","size":131552,"isDir":false},{"path":"医学免疫学 (曹雪涛) (Z-Library) - 快捷方式.lnk","size":1326,"isDir":false},{"path":"2025-12-04.md","size":90,"isDir":false},{"path":"微信图片_20240902223827.jpg","size":92572,"isDir":false},{"path":"未命名 1.md","size":0,"isDir":false},{"path":"未命名 2.md","size":0,"isDir":false},{"path":"未命名.base","size":40,"isDir":false},{"path":"未命名.md","size":0,"isDir":false},{"path":"欢迎.md","size":856,"isDir":false},{"path":"copilot/copilot-custom-prompts/Emojify.md","size":470,"isDir":false},{"path":"copilot/copilot-custom-prompts/Explain like I am 5.md","size":388,"isDir":false},{"path":"copilot/copilot-custom-prompts/Fix grammar and spelling.md","size":350,"isDir":false},{"path":"copilot/copilot-custom-prompts/Generate glossary.md","size":353,"isDir":false},{"path":"copilot/copilot-custom-prompts/Generate table of contents.md","size":357,"isDir":false},{"path":"copilot/copilot-custom-prompts/Make longer.md","size":379,"isDir":false},{"path":"copilot/copilot-custom-prompts/Make shorter.md","size":373,"isDir":false},{"path":"copilot/copilot-custom-prompts/Remove URLs.md","size":347,"isDir":false},{"path":"copilot/copilot-custom-prompts/Rewrite as tweet thread.md","size":500,"isDir":false},{"path":"copilot/copilot-custom-prompts/Rewrite as tweet.md","size":376,"isDir":false},{"path":"copilot/copilot-custom-prompts/Simplify.md","size":370,"isDir":false},{"path":"copilot/copilot-custom-prompts/Summarize.md","size":307,"isDir":false},{"path":"copilot/copilot-custom-prompts/Translate to Chinese.md","size":369,"isDir":false}]],"type":"debug","level":4,"tag":""}

{"date":"2025-12-05T14:46:31.019Z","args":[{"reason":"local file exists without a remote file","remotePath":"/黄宁的Obsidian2025.12.5/医学免疫学 (曹雪涛) (Z-Library).pdf","localPath":"医学免疫学 (曹雪涛) (Z-Library).pdf","conditions":{"recordExists":false,"remoteExists":false,"localExists":true}}],"type":"debug","level":4,"tag":""}

{"date":"2025-12-05T14:47:31.311Z","args":["local Stats",[{"path":"2025-11-25 光电子选修.md","size":761,"isDir":false},{"path":"2025-11-28.md","size":428,"isDir":false},{"path":"2025-11-29.md","size":192,"isDir":false},{"path":"2025-11-30.md","size":0,"isDir":false},{"path":"2025-10-18.md","size":35,"isDir":false},{"path":"2025-11-29 2.md","size":736,"isDir":false},{"path":"2025-12-02.md","size":821,"isDir":false},{"path":"4fbefc405337a64aec5d8516d404f12f.jpg","size":131552,"isDir":false},{"path":"医学免疫学 (曹雪涛) (Z-Library) - 快捷方式.lnk","size":1326,"isDir":false},{"path":"医学免疫学 (曹雪涛) (Z-Library).pdf","size":37572902,"isDir":false},{"path":"2025-12-04.md","size":90,"isDir":false},{"path":"微信图片_20240902223827.jpg","size":92572,"isDir":false},{"path":"未命名 1.md","size":0,"isDir":false},{"path":"未命名 2.md","size":0,"isDir":false},{"path":"未命名.base","size":40,"isDir":false},{"path":"未命名.md","size":0,"isDir":false},{"path":"欢迎.md","size":856,"isDir":false},{"path":"OneNote","isDir":true},{"path":"copilot","isDir":true},{"path":"Doc","isDir":true},{"path":"copilot/copilot-custom-prompts","isDir":true},{"path":"copilot/copilot-custom-prompts/Emojify.md","size":470,"isDir":false},{"path":"copilot/copilot-custom-prompts/Explain like I am 5.md","size":388,"isDir":false},{"path":"copilot/copilot-custom-prompts/Fix grammar and spelling.md","size":350,"isDir":false},{"path":"copilot/copilot-custom-prompts/Generate glossary.md","size":353,"isDir":false},{"path":"copilot/copilot-custom-prompts/Generate table of contents.md","size":357,"isDir":false},{"path":"copilot/copilot-custom-prompts/Make longer.md","size":379,"isDir":false},{"path":"copilot/copilot-custom-prompts/Make shorter.md","size":373,"isDir":false},{"path":"copilot/copilot-custom-prompts/Remove URLs.md","size":347,"isDir":false},{"path":"copilot/copilot-custom-prompts/Rewrite as tweet thread.md","size":500,"isDir":false},{"path":"copilot/copilot-custom-prompts/Rewrite as tweet.md","size":376,"isDir":false},{"path":"copilot/copilot-custom-prompts/Simplify.md","size":370,"isDir":false},{"path":"copilot/copilot-custom-prompts/Summarize.md","size":307,"isDir":false},{"path":"copilot/copilot-custom-prompts/Translate to Chinese.md","size":369,"isDir":false}]],"type":"debug","level":4,"tag":""}

{"date":"2025-12-05T14:47:31.311Z","args":["remote Stats",[{"path":"OneNote","isDir":true},{"path":"copilot","isDir":true},{"path":"Doc","isDir":true},{"path":"copilot/copilot-custom-prompts","isDir":true},{"path":"2025-11-25 光电子选修.md","size":761,"isDir":false},{"path":"2025-11-28.md","size":428,"isDir":false},{"path":"2025-11-29.md","size":192,"isDir":false},{"path":"2025-11-30.md","size":0,"isDir":false},{"path":"2025-10-18.md","size":35,"isDir":false},{"path":"2025-11-29 2.md","size":736,"isDir":false},{"path":"2025-12-02.md","size":821,"isDir":false},{"path":"4fbefc405337a64aec5d8516d404f12f.jpg","size":131552,"isDir":false},{"path":"医学免疫学 (曹雪涛) (Z-Library) - 快捷方式.lnk","size":1326,"isDir":false},{"path":"2025-12-04.md","size":90,"isDir":false},{"path":"微信图片_20240902223827.jpg","size":92572,"isDir":false},{"path":"未命名 1.md","size":0,"isDir":false},{"path":"未命名 2.md","size":0,"isDir":false},{"path":"未命名.base","size":40,"isDir":false},{"path":"未命名.md","size":0,"isDir":false},{"path":"欢迎.md","size":856,"isDir":false},{"path":"copilot/copilot-custom-prompts/Emojify.md","size":470,"isDir":false},{"path":"copilot/copilot-custom-prompts/Explain like I am 5.md","size":388,"isDir":false},{"path":"copilot/copilot-custom-prompts/Fix grammar and spelling.md","size":350,"isDir":false},{"path":"copilot/copilot-custom-prompts/Generate glossary.md","size":353,"isDir":false},{"path":"copilot/copilot-custom-prompts/Generate table of contents.md","size":357,"isDir":false},{"path":"copilot/copilot-custom-prompts/Make longer.md","size":379,"isDir":false},{"path":"copilot/copilot-custom-prompts/Make shorter.md","size":373,"isDir":false},{"path":"copilot/copilot-custom-prompts/Remove URLs.md","size":347,"isDir":false},{"path":"copilot/copilot-custom-prompts/Rewrite as tweet thread.md","size":500,"isDir":false},{"path":"copilot/copilot-custom-prompts/Rewrite as tweet.md","size":376,"isDir":false},{"path":"copilot/copilot-custom-prompts/Simplify.md","size":370,"isDir":false},{"path":"copilot/copilot-custom-prompts/Summarize.md","size":307,"isDir":false},{"path":"copilot/copilot-custom-prompts/Translate to Chinese.md","size":369,"isDir":false}]],"type":"debug","level":4,"tag":""}

{"date":"2025-12-05T14:47:31.311Z","args":[{"reason":"local file exists without a remote file","remotePath":"/黄宁的Obsidian2025.12.5/医学免疫学 (曹雪涛) (Z-Library).pdf","localPath":"医学免疫学 (曹雪涛) (Z-Library).pdf","conditions":{"recordExists":false,"remoteExists":false,"localExists":true}}],"type":"debug","level":4,"tag":""}

{"date":"2025-12-05T14:48:38.372Z","args":["local Stats",[{"path":"2025-11-25 光电子选修.md","size":761,"isDir":false},{"path":"2025-11-28.md","size":428,"isDir":false},{"path":"2025-11-29.md","size":192,"isDir":false},{"path":"2025-11-30.md","size":0,"isDir":false},{"path":"2025-10-18.md","size":35,"isDir":false},{"path":"2025-11-29 2.md","size":736,"isDir":false},{"path":"2025-12-02.md","size":821,"isDir":false},{"path":"4fbefc405337a64aec5d8516d404f12f.jpg","size":131552,"isDir":false},{"path":"医学免疫学 (曹雪涛) (Z-Library) - 快捷方式.lnk","size":1326,"isDir":false},{"path":"医学免疫学 (曹雪涛) (Z-Library).pdf","size":37572902,"isDir":false},{"path":"2025-12-04.md","size":90,"isDir":false},{"path":"微信图片_20240902223827.jpg","size":92572,"isDir":false},{"path":"未命名 1.md","size":0,"isDir":false},{"path":"未命名 2.md","size":0,"isDir":false},{"path":"未命名.base","size":40,"isDir":false},{"path":"未命名.md","size":0,"isDir":false},{"path":"欢迎.md","size":856,"isDir":false},{"path":"OneNote","isDir":true},{"path":"copilot","isDir":true},{"path":"Doc","isDir":true},{"path":"copilot/copilot-custom-prompts","isDir":true},{"path":"copilot/copilot-custom-prompts/Emojify.md","size":470,"isDir":false},{"path":"copilot/copilot-custom-prompts/Explain like I am 5.md","size":388,"isDir":false},{"path":"copilot/copilot-custom-prompts/Fix grammar and spelling.md","size":350,"isDir":false},{"path":"copilot/copilot-custom-prompts/Generate glossary.md","size":353,"isDir":false},{"path":"copilot/copilot-custom-prompts/Generate table of contents.md","size":357,"isDir":false},{"path":"copilot/copilot-custom-prompts/Make longer.md","size":379,"isDir":false},{"path":"copilot/copilot-custom-prompts/Make shorter.md","size":373,"isDir":false},{"path":"copilot/copilot-custom-prompts/Remove URLs.md","size":347,"isDir":false},{"path":"copilot/copilot-custom-prompts/Rewrite as tweet thread.md","size":500,"isDir":false},{"path":"copilot/copilot-custom-prompts/Rewrite as tweet.md","size":376,"isDir":false},{"path":"copilot/copilot-custom-prompts/Simplify.md","size":370,"isDir":false},{"path":"copilot/copilot-custom-prompts/Summarize.md","size":307,"isDir":false},{"path":"copilot/copilot-custom-prompts/Translate to Chinese.md","size":369,"isDir":false}]],"type":"debug","level":4,"tag":""}

{"date":"2025-12-05T14:48:38.372Z","args":["remote Stats",[{"path":"OneNote","isDir":true},{"path":"copilot","isDir":true},{"path":"Doc","isDir":true},{"path":"copilot/copilot-custom-prompts","isDir":true},{"path":"2025-11-25 光电子选修.md","size":761,"isDir":false},{"path":"2025-11-28.md","size":428,"isDir":false},{"path":"2025-11-29.md","size":192,"isDir":false},{"path":"2025-11-30.md","size":0,"isDir":false},{"path":"2025-10-18.md","size":35,"isDir":false},{"path":"2025-11-29 2.md","size":736,"isDir":false},{"path":"2025-12-02.md","size":821,"isDir":false},{"path":"4fbefc405337a64aec5d8516d404f12f.jpg","size":131552,"isDir":false},{"path":"医学免疫学 (曹雪涛) (Z-Library) - 快捷方式.lnk","size":1326,"isDir":false},{"path":"2025-12-04.md","size":90,"isDir":false},{"path":"微信图片_20240902223827.jpg","size":92572,"isDir":false},{"path":"未命名 1.md","size":0,"isDir":false},{"path":"未命名 2.md","size":0,"isDir":false},{"path":"未命名.base","size":40,"isDir":false},{"path":"未命名.md","size":0,"isDir":false},{"path":"欢迎.md","size":856,"isDir":false},{"path":"copilot/copilot-custom-prompts/Emojify.md","size":470,"isDir":false},{"path":"copilot/copilot-custom-prompts/Explain like I am 5.md","size":388,"isDir":false},{"path":"copilot/copilot-custom-prompts/Fix grammar and spelling.md","size":350,"isDir":false},{"path":"copilot/copilot-custom-prompts/Generate glossary.md","size":353,"isDir":false},{"path":"copilot/copilot-custom-prompts/Generate table of contents.md","size":357,"isDir":false},{"path":"copilot/copilot-custom-prompts/Make longer.md","size":379,"isDir":false},{"path":"copilot/copilot-custom-prompts/Make shorter.md","size":373,"isDir":false},{"path":"copilot/copilot-custom-prompts/Remove URLs.md","size":347,"isDir":false},{"path":"copilot/copilot-custom-prompts/Rewrite as tweet thread.md","size":500,"isDir":false},{"path":"copilot/copilot-custom-prompts/Rewrite as tweet.md","size":376,"isDir":false},{"path":"copilot/copilot-custom-prompts/Simplify.md","size":370,"isDir":false},{"path":"copilot/copilot-custom-prompts/Summarize.md","size":307,"isDir":false},{"path":"copilot/copilot-custom-prompts/Translate to Chinese.md","size":369,"isDir":false}]],"type":"debug","level":4,"tag":""}

{"date":"2025-12-05T14:48:38.372Z","args":[{"reason":"local file exists without a remote file","remotePath":"/黄宁的Obsidian2025.12.5/医学免疫学 (曹雪涛) (Z-Library).pdf","localPath":"医学免疫学 (曹雪涛) (Z-Library).pdf","conditions":{"recordExists":false,"remoteExists":false,"localExists":true}}],"type":"debug","level":4,"tag":""}

{"date":"2025-12-05T14:48:51.841Z","args":["local Stats",[{"path":"2025-11-25 光电子选修.md","size":761,"isDir":false},{"path":"2025-11-28.md","size":428,"isDir":false},{"path":"2025-11-29.md","size":192,"isDir":false},{"path":"2025-11-30.md","size":0,"isDir":false},{"path":"2025-10-18.md","size":35,"isDir":false},{"path":"2025-11-29 2.md","size":736,"isDir":false},{"path":"2025-12-02.md","size":821,"isDir":false},{"path":"4fbefc405337a64aec5d8516d404f12f.jpg","size":131552,"isDir":false},{"path":"医学免疫学 (曹雪涛) (Z-Library) - 快捷方式.lnk","size":1326,"isDir":false},{"path":"医学免疫学 (曹雪涛) (Z-Library).pdf","size":37572902,"isDir":false},{"path":"2025-12-04.md","size":90,"isDir":false},{"path":"微信图片_20240902223827.jpg","size":92572,"isDir":false},{"path":"未命名 1.md","size":0,"isDir":false},{"path":"未命名 2.md","size":0,"isDir":false},{"path":"未命名.base","size":40,"isDir":false},{"path":"未命名.md","size":0,"isDir":false},{"path":"欢迎.md","size":856,"isDir":false},{"path":"OneNote","isDir":true},{"path":"copilot","isDir":true},{"path":"Doc","isDir":true},{"path":"copilot/copilot-custom-prompts","isDir":true},{"path":"copilot/copilot-custom-prompts/Emojify.md","size":470,"isDir":false},{"path":"copilot/copilot-custom-prompts/Explain like I am 5.md","size":388,"isDir":false},{"path":"copilot/copilot-custom-prompts/Fix grammar and spelling.md","size":350,"isDir":false},{"path":"copilot/copilot-custom-prompts/Generate glossary.md","size":353,"isDir":false},{"path":"copilot/copilot-custom-prompts/Generate table of contents.md","size":357,"isDir":false},{"path":"copilot/copilot-custom-prompts/Make longer.md","size":379,"isDir":false},{"path":"copilot/copilot-custom-prompts/Make shorter.md","size":373,"isDir":false},{"path":"copilot/copilot-custom-prompts/Remove URLs.md","size":347,"isDir":false},{"path":"copilot/copilot-custom-prompts/Rewrite as tweet thread.md","size":500,"isDir":false},{"path":"copilot/copilot-custom-prompts/Rewrite as tweet.md","size":376,"isDir":false},{"path":"copilot/copilot-custom-prompts/Simplify.md","size":370,"isDir":false},{"path":"copilot/copilot-custom-prompts/Summarize.md","size":307,"isDir":false},{"path":"copilot/copilot-custom-prompts/Translate to Chinese.md","size":369,"isDir":false}]],"type":"debug","level":4,"tag":""}

{"date":"2025-12-05T14:48:51.841Z","args":["remote Stats",[{"path":"OneNote","isDir":true},{"path":"copilot","isDir":true},{"path":"Doc","isDir":true},{"path":"copilot/copilot-custom-prompts","isDir":true},{"path":"2025-11-25 光电子选修.md","size":761,"isDir":false},{"path":"2025-11-28.md","size":428,"isDir":false},{"path":"2025-11-29.md","size":192,"isDir":false},{"path":"2025-11-30.md","size":0,"isDir":false},{"path":"2025-10-18.md","size":35,"isDir":false},{"path":"2025-11-29 2.md","size":736,"isDir":false},{"path":"2025-12-02.md","size":821,"isDir":false},{"path":"4fbefc405337a64aec5d8516d404f12f.jpg","size":131552,"isDir":false},{"path":"医学免疫学 (曹雪涛) (Z-Library) - 快捷方式.lnk","size":1326,"isDir":false},{"path":"2025-12-04.md","size":90,"isDir":false},{"path":"微信图片_20240902223827.jpg","size":92572,"isDir":false},{"path":"未命名 1.md","size":0,"isDir":false},{"path":"未命名 2.md","size":0,"isDir":false},{"path":"未命名.base","size":40,"isDir":false},{"path":"未命名.md","size":0,"isDir":false},{"path":"欢迎.md","size":856,"isDir":false},{"path":"copilot/copilot-custom-prompts/Emojify.md","size":470,"isDir":false},{"path":"copilot/copilot-custom-prompts/Explain like I am 5.md","size":388,"isDir":false},{"path":"copilot/copilot-custom-prompts/Fix grammar and spelling.md","size":350,"isDir":false},{"path":"copilot/copilot-custom-prompts/Generate glossary.md","size":353,"isDir":false},{"path":"copilot/copilot-custom-prompts/Generate table of contents.md","size":357,"isDir":false},{"path":"copilot/copilot-custom-prompts/Make longer.md","size":379,"isDir":false},{"path":"copilot/copilot-custom-prompts/Make shorter.md","size":373,"isDir":false},{"path":"copilot/copilot-custom-prompts/Remove URLs.md","size":347,"isDir":false},{"path":"copilot/copilot-custom-prompts/Rewrite as tweet thread.md","size":500,"isDir":false},{"path":"copilot/copilot-custom-prompts/Rewrite as tweet.md","size":376,"isDir":false},{"path":"copilot/copilot-custom-prompts/Simplify.md","size":370,"isDir":false},{"path":"copilot/copilot-custom-prompts/Summarize.md","size":307,"isDir":false},{"path":"copilot/copilot-custom-prompts/Translate to Chinese.md","size":369,"isDir":false}]],"type":"debug","level":4,"tag":""}

{"date":"2025-12-05T14:48:51.841Z","args":[{"reason":"local file exists without a remote file","remotePath":"/黄宁的Obsidian2025.12.5/医学免疫学 (曹雪涛) (Z-Library).pdf","localPath":"医学免疫学 (曹雪涛) (Z-Library).pdf","conditions":{"recordExists":false,"remoteExists":false,"localExists":true}}],"type":"debug","level":4,"tag":""}

{"date":"2025-12-05T14:49:31.683Z","args":["local Stats",[{"path":"2025-11-25 光电子选修.md","size":761,"isDir":false},{"path":"2025-11-28.md","size":428,"isDir":false},{"path":"2025-11-29.md","size":192,"isDir":false},{"path":"2025-11-30.md","size":0,"isDir":false},{"path":"2025-10-18.md","size":35,"isDir":false},{"path":"2025-11-29 2.md","size":736,"isDir":false},{"path":"2025-12-02.md","size":821,"isDir":false},{"path":"4fbefc405337a64aec5d8516d404f12f.jpg","size":131552,"isDir":false},{"path":"医学免疫学 (曹雪涛) (Z-Library) - 快捷方式.lnk","size":1326,"isDir":false},{"path":"医学免疫学 (曹雪涛) (Z-Library).pdf","size":37572902,"isDir":false},{"path":"2025-12-04.md","size":90,"isDir":false},{"path":"微信图片_20240902223827.jpg","size":92572,"isDir":false},{"path":"未命名 1.md","size":0,"isDir":false},{"path":"未命名 2.md","size":0,"isDir":false},{"path":"未命名.base","size":40,"isDir":false},{"path":"未命名.md","size":0,"isDir":false},{"path":"欢迎.md","size":856,"isDir":false},{"path":"OneNote","isDir":true},{"path":"copilot","isDir":true},{"path":"Doc","isDir":true},{"path":"copilot/copilot-custom-prompts","isDir":true},{"path":"copilot/copilot-custom-prompts/Emojify.md","size":470,"isDir":false},{"path":"copilot/copilot-custom-prompts/Explain like I am 5.md","size":388,"isDir":false},{"path":"copilot/copilot-custom-prompts/Fix grammar and spelling.md","size":350,"isDir":false},{"path":"copilot/copilot-custom-prompts/Generate glossary.md","size":353,"isDir":false},{"path":"copilot/copilot-custom-prompts/Generate table of contents.md","size":357,"isDir":false},{"path":"copilot/copilot-custom-prompts/Make longer.md","size":379,"isDir":false},{"path":"copilot/copilot-custom-prompts/Make shorter.md","size":373,"isDir":false},{"path":"copilot/copilot-custom-prompts/Remove URLs.md","size":347,"isDir":false},{"path":"copilot/copilot-custom-prompts/Rewrite as tweet thread.md","size":500,"isDir":false},{"path":"copilot/copilot-custom-prompts/Rewrite as tweet.md","size":376,"isDir":false},{"path":"copilot/copilot-custom-prompts/Simplify.md","size":370,"isDir":false},{"path":"copilot/copilot-custom-prompts/Summarize.md","size":307,"isDir":false},{"path":"copilot/copilot-custom-prompts/Translate to Chinese.md","size":369,"isDir":false}]],"type":"debug","level":4,"tag":""}

{"date":"2025-12-05T14:49:31.683Z","args":["remote Stats",[{"path":"OneNote","isDir":true},{"path":"copilot","isDir":true},{"path":"Doc","isDir":true},{"path":"copilot/copilot-custom-prompts","isDir":true},{"path":"2025-11-25 光电子选修.md","size":761,"isDir":false},{"path":"2025-11-28.md","size":428,"isDir":false},{"path":"2025-11-29.md","size":192,"isDir":false},{"path":"2025-11-30.md","size":0,"isDir":false},{"path":"2025-10-18.md","size":35,"isDir":false},{"path":"2025-11-29 2.md","size":736,"isDir":false},{"path":"2025-12-02.md","size":821,"isDir":false},{"path":"4fbefc405337a64aec5d8516d404f12f.jpg","size":131552,"isDir":false},{"path":"医学免疫学 (曹雪涛) (Z-Library) - 快捷方式.lnk","size":1326,"isDir":false},{"path":"2025-12-04.md","size":90,"isDir":false},{"path":"微信图片_20240902223827.jpg","size":92572,"isDir":false},{"path":"未命名 1.md","size":0,"isDir":false},{"path":"未命名 2.md","size":0,"isDir":false},{"path":"未命名.base","size":40,"isDir":false},{"path":"未命名.md","size":0,"isDir":false},{"path":"欢迎.md","size":856,"isDir":false},{"path":"copilot/copilot-custom-prompts/Emojify.md","size":470,"isDir":false},{"path":"copilot/copilot-custom-prompts/Explain like I am 5.md","size":388,"isDir":false},{"path":"copilot/copilot-custom-prompts/Fix grammar and spelling.md","size":350,"isDir":false},{"path":"copilot/copilot-custom-prompts/Generate glossary.md","size":353,"isDir":false},{"path":"copilot/copilot-custom-prompts/Generate table of contents.md","size":357,"isDir":false},{"path":"copilot/copilot-custom-prompts/Make longer.md","size":379,"isDir":false},{"path":"copilot/copilot-custom-prompts/Make shorter.md","size":373,"isDir":false},{"path":"copilot/copilot-custom-prompts/Remove URLs.md","size":347,"isDir":false},{"path":"copilot/copilot-custom-prompts/Rewrite as tweet thread.md","size":500,"isDir":false},{"path":"copilot/copilot-custom-prompts/Rewrite as tweet.md","size":376,"isDir":false},{"path":"copilot/copilot-custom-prompts/Simplify.md","size":370,"isDir":false},{"path":"copilot/copilot-custom-prompts/Summarize.md","size":307,"isDir":false},{"path":"copilot/copilot-custom-prompts/Translate to Chinese.md","size":369,"isDir":false}]],"type":"debug","level":4,"tag":""}

{"date":"2025-12-05T14:49:31.683Z","args":[{"reason":"local file exists without a remote file","remotePath":"/黄宁的Obsidian2025.12.5/医学免疫学 (曹雪涛) (Z-Library).pdf","localPath":"医学免疫学 (曹雪涛) (Z-Library).pdf","conditions":{"recordExists":false,"remoteExists":false,"localExists":true}}],"type":"debug","level":4,"tag":""}

{"date":"2025-12-05T14:50:31.014Z","args":["local Stats",[{"path":"2025-11-25 光电子选修.md","size":761,"isDir":false},{"path":"2025-11-28.md","size":428,"isDir":false},{"path":"2025-11-29.md","size":192,"isDir":false},{"path":"2025-11-30.md","size":0,"isDir":false},{"path":"2025-10-18.md","size":35,"isDir":false},{"path":"2025-11-29 2.md","size":736,"isDir":false},{"path":"2025-12-02.md","size":821,"isDir":false},{"path":"4fbefc405337a64aec5d8516d404f12f.jpg","size":131552,"isDir":false},{"path":"医学免疫学 (曹雪涛) (Z-Library) - 快捷方式.lnk","size":1326,"isDir":false},{"path":"医学免疫学 (曹雪涛) (Z-Library).pdf","size":37572902,"isDir":false},{"path":"2025-12-04.md","size":90,"isDir":false},{"path":"微信图片_20240902223827.jpg","size":92572,"isDir":false},{"path":"未命名 1.md","size":0,"isDir":false},{"path":"未命名 2.md","size":0,"isDir":false},{"path":"未命名.base","size":40,"isDir":false},{"path":"未命名.md","size":0,"isDir":false},{"path":"欢迎.md","size":856,"isDir":false},{"path":"OneNote","isDir":true},{"path":"copilot","isDir":true},{"path":"Doc","isDir":true},{"path":"copilot/copilot-custom-prompts","isDir":true},{"path":"copilot/copilot-custom-prompts/Emojify.md","size":470,"isDir":false},{"path":"copilot/copilot-custom-prompts/Explain like I am 5.md","size":388,"isDir":false},{"path":"copilot/copilot-custom-prompts/Fix grammar and spelling.md","size":350,"isDir":false},{"path":"copilot/copilot-custom-prompts/Generate glossary.md","size":353,"isDir":false},{"path":"copilot/copilot-custom-prompts/Generate table of contents.md","size":357,"isDir":false},{"path":"copilot/copilot-custom-prompts/Make longer.md","size":379,"isDir":false},{"path":"copilot/copilot-custom-prompts/Make shorter.md","size":373,"isDir":false},{"path":"copilot/copilot-custom-prompts/Remove URLs.md","size":347,"isDir":false},{"path":"copilot/copilot-custom-prompts/Rewrite as tweet thread.md","size":500,"isDir":false},{"path":"copilot/copilot-custom-prompts/Rewrite as tweet.md","size":376,"isDir":false},{"path":"copilot/copilot-custom-prompts/Simplify.md","size":370,"isDir":false},{"path":"copilot/copilot-custom-prompts/Summarize.md","size":307,"isDir":false},{"path":"copilot/copilot-custom-prompts/Translate to Chinese.md","size":369,"isDir":false}]],"type":"debug","level":4,"tag":""}

{"date":"2025-12-05T14:50:31.014Z","args":["remote Stats",[{"path":"OneNote","isDir":true},{"path":"copilot","isDir":true},{"path":"Doc","isDir":true},{"path":"copilot/copilot-custom-prompts","isDir":true},{"path":"2025-11-25 光电子选修.md","size":761,"isDir":false},{"path":"2025-11-28.md","size":428,"isDir":false},{"path":"2025-11-29.md","size":192,"isDir":false},{"path":"2025-11-30.md","size":0,"isDir":false},{"path":"2025-10-18.md","size":35,"isDir":false},{"path":"2025-11-29 2.md","size":736,"isDir":false},{"path":"2025-12-02.md","size":821,"isDir":false},{"path":"4fbefc405337a64aec5d8516d404f12f.jpg","size":131552,"isDir":false},{"path":"医学免疫学 (曹雪涛) (Z-Library) - 快捷方式.lnk","size":1326,"isDir":false},{"path":"2025-12-04.md","size":90,"isDir":false},{"path":"微信图片_20240902223827.jpg","size":92572,"isDir":false},{"path":"未命名 1.md","size":0,"isDir":false},{"path":"未命名 2.md","size":0,"isDir":false},{"path":"未命名.base","size":40,"isDir":false},{"path":"未命名.md","size":0,"isDir":false},{"path":"欢迎.md","size":856,"isDir":false},{"path":"copilot/copilot-custom-prompts/Emojify.md","size":470,"isDir":false},{"path":"copilot/copilot-custom-prompts/Explain like I am 5.md","size":388,"isDir":false},{"path":"copilot/copilot-custom-prompts/Fix grammar and spelling.md","size":350,"isDir":false},{"path":"copilot/copilot-custom-prompts/Generate glossary.md","size":353,"isDir":false},{"path":"copilot/copilot-custom-prompts/Generate table of contents.md","size":357,"isDir":false},{"path":"copilot/copilot-custom-prompts/Make longer.md","size":379,"isDir":false},{"path":"copilot/copilot-custom-prompts/Make shorter.md","size":373,"isDir":false},{"path":"copilot/copilot-custom-prompts/Remove URLs.md","size":347,"isDir":false},{"path":"copilot/copilot-custom-prompts/Rewrite as tweet thread.md","size":500,"isDir":false},{"path":"copilot/copilot-custom-prompts/Rewrite as tweet.md","size":376,"isDir":false},{"path":"copilot/copilot-custom-prompts/Simplify.md","size":370,"isDir":false},{"path":"copilot/copilot-custom-prompts/Summarize.md","size":307,"isDir":false},{"path":"copilot/copilot-custom-prompts/Translate to Chinese.md","size":369,"isDir":false}]],"type":"debug","level":4,"tag":""}

{"date":"2025-12-05T14:50:31.014Z","args":[{"reason":"local file exists without a remote file","remotePath":"/黄宁的Obsidian2025.12.5/医学免疫学 (曹雪涛) (Z-Library).pdf","localPath":"医学免疫学 (曹雪涛) (Z-Library).pdf","conditions":{"recordExists":false,"remoteExists":false,"localExists":true}}],"type":"debug","level":4,"tag":""}

{"date":"2025-12-05T14:51:31.715Z","args":["local Stats",[{"path":"2025-11-25 光电子选修.md","size":761,"isDir":false},{"path":"2025-11-28.md","size":428,"isDir":false},{"path":"2025-11-29.md","size":192,"isDir":false},{"path":"2025-11-30.md","size":0,"isDir":false},{"path":"2025-10-18.md","size":35,"isDir":false},{"path":"2025-11-29 2.md","size":736,"isDir":false},{"path":"2025-12-02.md","size":821,"isDir":false},{"path":"4fbefc405337a64aec5d8516d404f12f.jpg","size":131552,"isDir":false},{"path":"医学免疫学 (曹雪涛) (Z-Library) - 快捷方式.lnk","size":1326,"isDir":false},{"path":"医学免疫学 (曹雪涛) (Z-Library).pdf","size":37572902,"isDir":false},{"path":"2025-12-04.md","size":90,"isDir":false},{"path":"微信图片_20240902223827.jpg","size":92572,"isDir":false},{"path":"未命名 1.md","size":0,"isDir":false},{"path":"未命名 2.md","size":0,"isDir":false},{"path":"未命名.base","size":40,"isDir":false},{"path":"未命名.md","size":0,"isDir":false},{"path":"欢迎.md","size":856,"isDir":false},{"path":"OneNote","isDir":true},{"path":"copilot","isDir":true},{"path":"Doc","isDir":true},{"path":"copilot/copilot-custom-prompts","isDir":true},{"path":"copilot/copilot-custom-prompts/Emojify.md","size":470,"isDir":false},{"path":"copilot/copilot-custom-prompts/Explain like I am 5.md","size":388,"isDir":false},{"path":"copilot/copilot-custom-prompts/Fix grammar and spelling.md","size":350,"isDir":false},{"path":"copilot/copilot-custom-prompts/Generate glossary.md","size":353,"isDir":false},{"path":"copilot/copilot-custom-prompts/Generate table of contents.md","size":357,"isDir":false},{"path":"copilot/copilot-custom-prompts/Make longer.md","size":379,"isDir":false},{"path":"copilot/copilot-custom-prompts/Make shorter.md","size":373,"isDir":false},{"path":"copilot/copilot-custom-prompts/Remove URLs.md","size":347,"isDir":false},{"path":"copilot/copilot-custom-prompts/Rewrite as tweet thread.md","size":500,"isDir":false},{"path":"copilot/copilot-custom-prompts/Rewrite as tweet.md","size":376,"isDir":false},{"path":"copilot/copilot-custom-prompts/Simplify.md","size":370,"isDir":false},{"path":"copilot/copilot-custom-prompts/Summarize.md","size":307,"isDir":false},{"path":"copilot/copilot-custom-prompts/Translate to Chinese.md","size":369,"isDir":false}]],"type":"debug","level":4,"tag":""}

{"date":"2025-12-05T14:51:31.715Z","args":["remote Stats",[{"path":"OneNote","isDir":true},{"path":"copilot","isDir":true},{"path":"Doc","isDir":true},{"path":"copilot/copilot-custom-prompts","isDir":true},{"path":"2025-11-25 光电子选修.md","size":761,"isDir":false},{"path":"2025-11-28.md","size":428,"isDir":false},{"path":"2025-11-29.md","size":192,"isDir":false},{"path":"2025-11-30.md","size":0,"isDir":false},{"path":"2025-10-18.md","size":35,"isDir":false},{"path":"2025-11-29 2.md","size":736,"isDir":false},{"path":"2025-12-02.md","size":821,"isDir":false},{"path":"4fbefc405337a64aec5d8516d404f12f.jpg","size":131552,"isDir":false},{"path":"医学免疫学 (曹雪涛) (Z-Library) - 快捷方式.lnk","size":1326,"isDir":false},{"path":"2025-12-04.md","size":90,"isDir":false},{"path":"微信图片_20240902223827.jpg","size":92572,"isDir":false},{"path":"未命名 1.md","size":0,"isDir":false},{"path":"未命名 2.md","size":0,"isDir":false},{"path":"未命名.base","size":40,"isDir":false},{"path":"未命名.md","size":0,"isDir":false},{"path":"欢迎.md","size":856,"isDir":false},{"path":"copilot/copilot-custom-prompts/Emojify.md","size":470,"isDir":false},{"path":"copilot/copilot-custom-prompts/Explain like I am 5.md","size":388,"isDir":false},{"path":"copilot/copilot-custom-prompts/Fix grammar and spelling.md","size":350,"isDir":false},{"path":"copilot/copilot-custom-prompts/Generate glossary.md","size":353,"isDir":false},{"path":"copilot/copilot-custom-prompts/Generate table of contents.md","size":357,"isDir":false},{"path":"copilot/copilot-custom-prompts/Make longer.md","size":379,"isDir":false},{"path":"copilot/copilot-custom-prompts/Make shorter.md","size":373,"isDir":false},{"path":"copilot/copilot-custom-prompts/Remove URLs.md","size":347,"isDir":false},{"path":"copilot/copilot-custom-prompts/Rewrite as tweet thread.md","size":500,"isDir":false},{"path":"copilot/copilot-custom-prompts/Rewrite as tweet.md","size":376,"isDir":false},{"path":"copilot/copilot-custom-prompts/Simplify.md","size":370,"isDir":false},{"path":"copilot/copilot-custom-prompts/Summarize.md","size":307,"isDir":false},{"path":"copilot/copilot-custom-prompts/Translate to Chinese.md","size":369,"isDir":false}]],"type":"debug","level":4,"tag":""}

{"date":"2025-12-05T14:51:31.715Z","args":[{"reason":"local file exists without a remote file","remotePath":"/黄宁的Obsidian2025.12.5/医学免疫学 (曹雪涛) (Z-Library).pdf","localPath":"医学免疫学 (曹雪涛) (Z-Library).pdf","conditions":{"recordExists":false,"remoteExists":false,"localExists":true}}],"type":"debug","level":4,"tag":""}

{"date":"2025-12-05T14:52:54.659Z","args":["local Stats",[{"path":"2025-11-25 光电子选修.md","size":761,"isDir":false},{"path":"2025-11-28.md","size":428,"isDir":false},{"path":"2025-11-29.md","size":192,"isDir":false},{"path":"2025-11-30.md","size":0,"isDir":false},{"path":"2025-10-18.md","size":35,"isDir":false},{"path":"2025-11-29 2.md","size":736,"isDir":false},{"path":"2025-12-02.md","size":821,"isDir":false},{"path":"4fbefc405337a64aec5d8516d404f12f.jpg","size":131552,"isDir":false},{"path":"医学免疫学 (曹雪涛) (Z-Library) - 快捷方式.lnk","size":1326,"isDir":false},{"path":"医学免疫学 (曹雪涛) (Z-Library).pdf","size":37572902,"isDir":false},{"path":"2025-12-04.md","size":90,"isDir":false},{"path":"微信图片_20240902223827.jpg","size":92572,"isDir":false},{"path":"未命名 1.md","size":0,"isDir":false},{"path":"未命名 2.md","size":0,"isDir":false},{"path":"未命名.base","size":40,"isDir":false},{"path":"未命名.md","size":0,"isDir":false},{"path":"欢迎.md","size":856,"isDir":false},{"path":"OneNote","isDir":true},{"path":"copilot","isDir":true},{"path":"Doc","isDir":true},{"path":"copilot/copilot-custom-prompts","isDir":true},{"path":"copilot/copilot-custom-prompts/Emojify.md","size":470,"isDir":false},{"path":"copilot/copilot-custom-prompts/Explain like I am 5.md","size":388,"isDir":false},{"path":"copilot/copilot-custom-prompts/Fix grammar and spelling.md","size":350,"isDir":false},{"path":"copilot/copilot-custom-prompts/Generate glossary.md","size":353,"isDir":false},{"path":"copilot/copilot-custom-prompts/Generate table of contents.md","size":357,"isDir":false},{"path":"copilot/copilot-custom-prompts/Make longer.md","size":379,"isDir":false},{"path":"copilot/copilot-custom-prompts/Make shorter.md","size":373,"isDir":false},{"path":"copilot/copilot-custom-prompts/Remove URLs.md","size":347,"isDir":false},{"path":"copilot/copilot-custom-prompts/Rewrite as tweet thread.md","size":500,"isDir":false},{"path":"copilot/copilot-custom-prompts/Rewrite as tweet.md","size":376,"isDir":false},{"path":"copilot/copilot-custom-prompts/Simplify.md","size":370,"isDir":false},{"path":"copilot/copilot-custom-prompts/Summarize.md","size":307,"isDir":false},{"path":"copilot/copilot-custom-prompts/Translate to Chinese.md","size":369,"isDir":false}]],"type":"debug","level":4,"tag":""}

{"date":"2025-12-05T14:52:54.659Z","args":["remote Stats",[{"path":"OneNote","isDir":true},{"path":"copilot","isDir":true},{"path":"Doc","isDir":true},{"path":"copilot/copilot-custom-prompts","isDir":true},{"path":"2025-11-25 光电子选修.md","size":761,"isDir":false},{"path":"2025-11-28.md","size":428,"isDir":false},{"path":"2025-11-29.md","size":192,"isDir":false},{"path":"2025-11-30.md","size":0,"isDir":false},{"path":"2025-10-18.md","size":35,"isDir":false},{"path":"2025-11-29 2.md","size":736,"isDir":false},{"path":"2025-12-02.md","size":821,"isDir":false},{"path":"4fbefc405337a64aec5d8516d404f12f.jpg","size":131552,"isDir":false},{"path":"医学免疫学 (曹雪涛) (Z-Library) - 快捷方式.lnk","size":1326,"isDir":false},{"path":"2025-12-04.md","size":90,"isDir":false},{"path":"微信图片_20240902223827.jpg","size":92572,"isDir":false},{"path":"未命名 1.md","size":0,"isDir":false},{"path":"未命名 2.md","size":0,"isDir":false},{"path":"未命名.base","size":40,"isDir":false},{"path":"未命名.md","size":0,"isDir":false},{"path":"欢迎.md","size":856,"isDir":false},{"path":"copilot/copilot-custom-prompts/Emojify.md","size":470,"isDir":false},{"path":"copilot/copilot-custom-prompts/Explain like I am 5.md","size":388,"isDir":false},{"path":"copilot/copilot-custom-prompts/Fix grammar and spelling.md","size":350,"isDir":false},{"path":"copilot/copilot-custom-prompts/Generate glossary.md","size":353,"isDir":false},{"path":"copilot/copilot-custom-prompts/Generate table of contents.md","size":357,"isDir":false},{"path":"copilot/copilot-custom-prompts/Make longer.md","size":379,"isDir":false},{"path":"copilot/copilot-custom-prompts/Make shorter.md","size":373,"isDir":false},{"path":"copilot/copilot-custom-prompts/Remove URLs.md","size":347,"isDir":false},{"path":"copilot/copilot-custom-prompts/Rewrite as tweet thread.md","size":500,"isDir":false},{"path":"copilot/copilot-custom-prompts/Rewrite as tweet.md","size":376,"isDir":false},{"path":"copilot/copilot-custom-prompts/Simplify.md","size":370,"isDir":false},{"path":"copilot/copilot-custom-prompts/Summarize.md","size":307,"isDir":false},{"path":"copilot/copilot-custom-prompts/Translate to Chinese.md","size":369,"isDir":false}]],"type":"debug","level":4,"tag":""}

{"date":"2025-12-05T14:52:54.659Z","args":[{"reason":"local file exists without a remote file","remotePath":"/黄宁的Obsidian2025.12.5/医学免疫学 (曹雪涛) (Z-Library).pdf","localPath":"医学免疫学 (曹雪涛) (Z-Library).pdf","conditions":{"recordExists":false,"remoteExists":false,"localExists":true}}],"type":"debug","level":4,"tag":""}

{"date":"2025-12-05T14:53:54.628Z","args":["local Stats",[{"path":"2025-11-25 光电子选修.md","size":761,"isDir":false},{"path":"2025-11-28.md","size":428,"isDir":false},{"path":"2025-11-29.md","size":192,"isDir":false},{"path":"2025-11-30.md","size":0,"isDir":false},{"path":"2025-10-18.md","size":35,"isDir":false},{"path":"2025-11-29 2.md","size":736,"isDir":false},{"path":"2025-12-02.md","size":821,"isDir":false},{"path":"4fbefc405337a64aec5d8516d404f12f.jpg","size":131552,"isDir":false},{"path":"医学免疫学 (曹雪涛) (Z-Library) - 快捷方式.lnk","size":1326,"isDir":false},{"path":"医学免疫学 (曹雪涛) (Z-Library).pdf","size":37572902,"isDir":false},{"path":"2025-12-04.md","size":90,"isDir":false},{"path":"微信图片_20240902223827.jpg","size":92572,"isDir":false},{"path":"未命名 1.md","size":0,"isDir":false},{"path":"未命名 2.md","size":0,"isDir":false},{"path":"未命名.base","size":40,"isDir":false},{"path":"未命名.md","size":0,"isDir":false},{"path":"欢迎.md","size":856,"isDir":false},{"path":"OneNote","isDir":true},{"path":"copilot","isDir":true},{"path":"Doc","isDir":true},{"path":"copilot/copilot-custom-prompts","isDir":true},{"path":"copilot/copilot-custom-prompts/Emojify.md","size":470,"isDir":false},{"path":"copilot/copilot-custom-prompts/Explain like I am 5.md","size":388,"isDir":false},{"path":"copilot/copilot-custom-prompts/Fix grammar and spelling.md","size":350,"isDir":false},{"path":"copilot/copilot-custom-prompts/Generate glossary.md","size":353,"isDir":false},{"path":"copilot/copilot-custom-prompts/Generate table of contents.md","size":357,"isDir":false},{"path":"copilot/copilot-custom-prompts/Make longer.md","size":379,"isDir":false},{"path":"copilot/copilot-custom-prompts/Make shorter.md","size":373,"isDir":false},{"path":"copilot/copilot-custom-prompts/Remove URLs.md","size":347,"isDir":false},{"path":"copilot/copilot-custom-prompts/Rewrite as tweet thread.md","size":500,"isDir":false},{"path":"copilot/copilot-custom-prompts/Rewrite as tweet.md","size":376,"isDir":false},{"path":"copilot/copilot-custom-prompts/Simplify.md","size":370,"isDir":false},{"path":"copilot/copilot-custom-prompts/Summarize.md","size":307,"isDir":false},{"path":"copilot/copilot-custom-prompts/Translate to Chinese.md","size":369,"isDir":false}]],"type":"debug","level":4,"tag":""}

{"date":"2025-12-05T14:53:54.628Z","args":["remote Stats",[{"path":"OneNote","isDir":true},{"path":"copilot","isDir":true},{"path":"Doc","isDir":true},{"path":"copilot/copilot-custom-prompts","isDir":true},{"path":"2025-11-25 光电子选修.md","size":761,"isDir":false},{"path":"2025-11-28.md","size":428,"isDir":false},{"path":"2025-11-29.md","size":192,"isDir":false},{"path":"2025-11-30.md","size":0,"isDir":false},{"path":"2025-10-18.md","size":35,"isDir":false},{"path":"2025-11-29 2.md","size":736,"isDir":false},{"path":"2025-12-02.md","size":821,"isDir":false},{"path":"4fbefc405337a64aec5d8516d404f12f.jpg","size":131552,"isDir":false},{"path":"医学免疫学 (曹雪涛) (Z-Library) - 快捷方式.lnk","size":1326,"isDir":false},{"path":"2025-12-04.md","size":90,"isDir":false},{"path":"微信图片_20240902223827.jpg","size":92572,"isDir":false},{"path":"未命名 1.md","size":0,"isDir":false},{"path":"未命名 2.md","size":0,"isDir":false},{"path":"未命名.base","size":40,"isDir":false},{"path":"未命名.md","size":0,"isDir":false},{"path":"欢迎.md","size":856,"isDir":false},{"path":"copilot/copilot-custom-prompts/Emojify.md","size":470,"isDir":false},{"path":"copilot/copilot-custom-prompts/Explain like I am 5.md","size":388,"isDir":false},{"path":"copilot/copilot-custom-prompts/Fix grammar and spelling.md","size":350,"isDir":false},{"path":"copilot/copilot-custom-prompts/Generate glossary.md","size":353,"isDir":false},{"path":"copilot/copilot-custom-prompts/Generate table of contents.md","size":357,"isDir":false},{"path":"copilot/copilot-custom-prompts/Make longer.md","size":379,"isDir":false},{"path":"copilot/copilot-custom-prompts/Make shorter.md","size":373,"isDir":false},{"path":"copilot/copilot-custom-prompts/Remove URLs.md","size":347,"isDir":false},{"path":"copilot/copilot-custom-prompts/Rewrite as tweet thread.md","size":500,"isDir":false},{"path":"copilot/copilot-custom-prompts/Rewrite as tweet.md","size":376,"isDir":false},{"path":"copilot/copilot-custom-prompts/Simplify.md","size":370,"isDir":false},{"path":"copilot/copilot-custom-prompts/Summarize.md","size":307,"isDir":false},{"path":"copilot/copilot-custom-prompts/Translate to Chinese.md","size":369,"isDir":false}]],"type":"debug","level":4,"tag":""}

{"date":"2025-12-05T14:53:54.628Z","args":[{"reason":"local file exists without a remote file","remotePath":"/黄宁的Obsidian2025.12.5/医学免疫学 (曹雪涛) (Z-Library).pdf","localPath":"医学免疫学 (曹雪涛) (Z-Library).pdf","conditions":{"recordExists":false,"remoteExists":false,"localExists":true}}],"type":"debug","level":4,"tag":""}

{"date":"2025-12-05T14:54:31.711Z","args":["local Stats",[{"path":"2025-11-25 光电子选修.md","size":761,"isDir":false},{"path":"2025-11-28.md","size":428,"isDir":false},{"path":"2025-11-29.md","size":192,"isDir":false},{"path":"2025-11-30.md","size":0,"isDir":false},{"path":"2025-10-18.md","size":35,"isDir":false},{"path":"2025-11-29 2.md","size":736,"isDir":false},{"path":"2025-12-02.md","size":821,"isDir":false},{"path":"4fbefc405337a64aec5d8516d404f12f.jpg","size":131552,"isDir":false},{"path":"医学免疫学 (曹雪涛) (Z-Library) - 快捷方式.lnk","size":1326,"isDir":false},{"path":"医学免疫学 (曹雪涛) (Z-Library).pdf","size":37572902,"isDir":false},{"path":"2025-12-04.md","size":90,"isDir":false},{"path":"微信图片_20240902223827.jpg","size":92572,"isDir":false},{"path":"未命名 1.md","size":0,"isDir":false},{"path":"未命名 2.md","size":0,"isDir":false},{"path":"未命名.base","size":40,"isDir":false},{"path":"未命名.md","size":0,"isDir":false},{"path":"欢迎.md","size":856,"isDir":false},{"path":"OneNote","isDir":true},{"path":"copilot","isDir":true},{"path":"Doc","isDir":true},{"path":"copilot/copilot-custom-prompts","isDir":true},{"path":"copilot/copilot-custom-prompts/Emojify.md","size":470,"isDir":false},{"path":"copilot/copilot-custom-prompts/Explain like I am 5.md","size":388,"isDir":false},{"path":"copilot/copilot-custom-prompts/Fix grammar and spelling.md","size":350,"isDir":false},{"path":"copilot/copilot-custom-prompts/Generate glossary.md","size":353,"isDir":false},{"path":"copilot/copilot-custom-prompts/Generate table of contents.md","size":357,"isDir":false},{"path":"copilot/copilot-custom-prompts/Make longer.md","size":379,"isDir":false},{"path":"copilot/copilot-custom-prompts/Make shorter.md","size":373,"isDir":false},{"path":"copilot/copilot-custom-prompts/Remove URLs.md","size":347,"isDir":false},{"path":"copilot/copilot-custom-prompts/Rewrite as tweet thread.md","size":500,"isDir":false},{"path":"copilot/copilot-custom-prompts/Rewrite as tweet.md","size":376,"isDir":false},{"path":"copilot/copilot-custom-prompts/Simplify.md","size":370,"isDir":false},{"path":"copilot/copilot-custom-prompts/Summarize.md","size":307,"isDir":false},{"path":"copilot/copilot-custom-prompts/Translate to Chinese.md","size":369,"isDir":false}]],"type":"debug","level":4,"tag":""}

{"date":"2025-12-05T14:54:31.711Z","args":["remote Stats",[{"path":"OneNote","isDir":true},{"path":"copilot","isDir":true},{"path":"Doc","isDir":true},{"path":"copilot/copilot-custom-prompts","isDir":true},{"path":"2025-11-25 光电子选修.md","size":761,"isDir":false},{"path":"2025-11-28.md","size":428,"isDir":false},{"path":"2025-11-29.md","size":192,"isDir":false},{"path":"2025-11-30.md","size":0,"isDir":false},{"path":"2025-10-18.md","size":35,"isDir":false},{"path":"2025-11-29 2.md","size":736,"isDir":false},{"path":"2025-12-02.md","size":821,"isDir":false},{"path":"4fbefc405337a64aec5d8516d404f12f.jpg","size":131552,"isDir":false},{"path":"医学免疫学 (曹雪涛) (Z-Library) - 快捷方式.lnk","size":1326,"isDir":false},{"path":"2025-12-04.md","size":90,"isDir":false},{"path":"微信图片_20240902223827.jpg","size":92572,"isDir":false},{"path":"未命名 1.md","size":0,"isDir":false},{"path":"未命名 2.md","size":0,"isDir":false},{"path":"未命名.base","size":40,"isDir":false},{"path":"未命名.md","size":0,"isDir":false},{"path":"欢迎.md","size":856,"isDir":false},{"path":"copilot/copilot-custom-prompts/Emojify.md","size":470,"isDir":false},{"path":"copilot/copilot-custom-prompts/Explain like I am 5.md","size":388,"isDir":false},{"path":"copilot/copilot-custom-prompts/Fix grammar and spelling.md","size":350,"isDir":false},{"path":"copilot/copilot-custom-prompts/Generate glossary.md","size":353,"isDir":false},{"path":"copilot/copilot-custom-prompts/Generate table of contents.md","size":357,"isDir":false},{"path":"copilot/copilot-custom-prompts/Make longer.md","size":379,"isDir":false},{"path":"copilot/copilot-custom-prompts/Make shorter.md","size":373,"isDir":false},{"path":"copilot/copilot-custom-prompts/Remove URLs.md","size":347,"isDir":false},{"path":"copilot/copilot-custom-prompts/Rewrite as tweet thread.md","size":500,"isDir":false},{"path":"copilot/copilot-custom-prompts/Rewrite as tweet.md","size":376,"isDir":false},{"path":"copilot/copilot-custom-prompts/Simplify.md","size":370,"isDir":false},{"path":"copilot/copilot-custom-prompts/Summarize.md","size":307,"isDir":false},{"path":"copilot/copilot-custom-prompts/Translate to Chinese.md","size":369,"isDir":false}]],"type":"debug","level":4,"tag":""}

{"date":"2025-12-05T14:54:31.711Z","args":[{"reason":"local file exists without a remote file","remotePath":"/黄宁的Obsidian2025.12.5/医学免疫学 (曹雪涛) (Z-Library).pdf","localPath":"医学免疫学 (曹雪涛) (Z-Library).pdf","conditions":{"recordExists":false,"remoteExists":false,"localExists":true}}],"type":"debug","level":4,"tag":""}

{"date":"2025-12-05T14:55:31.687Z","args":["local Stats",[{"path":"2025-11-25 光电子选修.md","size":761,"isDir":false},{"path":"2025-11-28.md","size":428,"isDir":false},{"path":"2025-11-29.md","size":192,"isDir":false},{"path":"2025-11-30.md","size":0,"isDir":false},{"path":"2025-10-18.md","size":35,"isDir":false},{"path":"2025-11-29 2.md","size":736,"isDir":false},{"path":"2025-12-02.md","size":821,"isDir":false},{"path":"4fbefc405337a64aec5d8516d404f12f.jpg","size":131552,"isDir":false},{"path":"医学免疫学 (曹雪涛) (Z-Library) - 快捷方式.lnk","size":1326,"isDir":false},{"path":"医学免疫学 (曹雪涛) (Z-Library).pdf","size":37572902,"isDir":false},{"path":"2025-12-04.md","size":90,"isDir":false},{"path":"微信图片_20240902223827.jpg","size":92572,"isDir":false},{"path":"未命名 1.md","size":0,"isDir":false},{"path":"未命名 2.md","size":0,"isDir":false},{"path":"未命名.base","size":40,"isDir":false},{"path":"未命名.md","size":0,"isDir":false},{"path":"欢迎.md","size":856,"isDir":false},{"path":"OneNote","isDir":true},{"path":"copilot","isDir":true},{"path":"Doc","isDir":true},{"path":"copilot/copilot-custom-prompts","isDir":true},{"path":"copilot/copilot-custom-prompts/Emojify.md","size":470,"isDir":false},{"path":"copilot/copilot-custom-prompts/Explain like I am 5.md","size":388,"isDir":false},{"path":"copilot/copilot-custom-prompts/Fix grammar and spelling.md","size":350,"isDir":false},{"path":"copilot/copilot-custom-prompts/Generate glossary.md","size":353,"isDir":false},{"path":"copilot/copilot-custom-prompts/Generate table of contents.md","size":357,"isDir":false},{"path":"copilot/copilot-custom-prompts/Make longer.md","size":379,"isDir":false},{"path":"copilot/copilot-custom-prompts/Make shorter.md","size":373,"isDir":false},{"path":"copilot/copilot-custom-prompts/Remove URLs.md","size":347,"isDir":false},{"path":"copilot/copilot-custom-prompts/Rewrite as tweet thread.md","size":500,"isDir":false},{"path":"copilot/copilot-custom-prompts/Rewrite as tweet.md","size":376,"isDir":false},{"path":"copilot/copilot-custom-prompts/Simplify.md","size":370,"isDir":false},{"path":"copilot/copilot-custom-prompts/Summarize.md","size":307,"isDir":false},{"path":"copilot/copilot-custom-prompts/Translate to Chinese.md","size":369,"isDir":false}]],"type":"debug","level":4,"tag":""}

{"date":"2025-12-05T14:55:31.687Z","args":["remote Stats",[{"path":"OneNote","isDir":true},{"path":"copilot","isDir":true},{"path":"Doc","isDir":true},{"path":"copilot/copilot-custom-prompts","isDir":true},{"path":"2025-11-25 光电子选修.md","size":761,"isDir":false},{"path":"2025-11-28.md","size":428,"isDir":false},{"path":"2025-11-29.md","size":192,"isDir":false},{"path":"2025-11-30.md","size":0,"isDir":false},{"path":"2025-10-18.md","size":35,"isDir":false},{"path":"2025-11-29 2.md","size":736,"isDir":false},{"path":"2025-12-02.md","size":821,"isDir":false},{"path":"4fbefc405337a64aec5d8516d404f12f.jpg","size":131552,"isDir":false},{"path":"医学免疫学 (曹雪涛) (Z-Library) - 快捷方式.lnk","size":1326,"isDir":false},{"path":"2025-12-04.md","size":90,"isDir":false},{"path":"微信图片_20240902223827.jpg","size":92572,"isDir":false},{"path":"未命名 1.md","size":0,"isDir":false},{"path":"未命名 2.md","size":0,"isDir":false},{"path":"未命名.base","size":40,"isDir":false},{"path":"未命名.md","size":0,"isDir":false},{"path":"欢迎.md","size":856,"isDir":false},{"path":"copilot/copilot-custom-prompts/Emojify.md","size":470,"isDir":false},{"path":"copilot/copilot-custom-prompts/Explain like I am 5.md","size":388,"isDir":false},{"path":"copilot/copilot-custom-prompts/Fix grammar and spelling.md","size":350,"isDir":false},{"path":"copilot/copilot-custom-prompts/Generate glossary.md","size":353,"isDir":false},{"path":"copilot/copilot-custom-prompts/Generate table of contents.md","size":357,"isDir":false},{"path":"copilot/copilot-custom-prompts/Make longer.md","size":379,"isDir":false},{"path":"copilot/copilot-custom-prompts/Make shorter.md","size":373,"isDir":false},{"path":"copilot/copilot-custom-prompts/Remove URLs.md","size":347,"isDir":false},{"path":"copilot/copilot-custom-prompts/Rewrite as tweet thread.md","size":500,"isDir":false},{"path":"copilot/copilot-custom-prompts/Rewrite as tweet.md","size":376,"isDir":false},{"path":"copilot/copilot-custom-prompts/Simplify.md","size":370,"isDir":false},{"path":"copilot/copilot-custom-prompts/Summarize.md","size":307,"isDir":false},{"path":"copilot/copilot-custom-prompts/Translate to Chinese.md","size":369,"isDir":false}]],"type":"debug","level":4,"tag":""}

{"date":"2025-12-05T14:55:31.687Z","args":[{"reason":"local file exists without a remote file","remotePath":"/黄宁的Obsidian2025.12.5/医学免疫学 (曹雪涛) (Z-Library).pdf","localPath":"医学免疫学 (曹雪涛) (Z-Library).pdf","conditions":{"recordExists":false,"remoteExists":false,"localExists":true}}],"type":"debug","level":4,"tag":""}

{"date":"2025-12-05T14:56:54.632Z","args":["local Stats",[{"path":"2025-11-25 光电子选修.md","size":761,"isDir":false},{"path":"2025-11-28.md","size":428,"isDir":false},{"path":"2025-11-29.md","size":192,"isDir":false},{"path":"2025-11-30.md","size":0,"isDir":false},{"path":"2025-10-18.md","size":35,"isDir":false},{"path":"2025-11-29 2.md","size":736,"isDir":false},{"path":"2025-12-02.md","size":821,"isDir":false},{"path":"4fbefc405337a64aec5d8516d404f12f.jpg","size":131552,"isDir":false},{"path":"医学免疫学 (曹雪涛) (Z-Library) - 快捷方式.lnk","size":1326,"isDir":false},{"path":"医学免疫学 (曹雪涛) (Z-Library).pdf","size":37572902,"isDir":false},{"path":"2025-12-04.md","size":90,"isDir":false},{"path":"微信图片_20240902223827.jpg","size":92572,"isDir":false},{"path":"未命名 1.md","size":0,"isDir":false},{"path":"未命名 2.md","size":0,"isDir":false},{"path":"未命名.base","size":40,"isDir":false},{"path":"未命名.md","size":0,"isDir":false},{"path":"欢迎.md","size":856,"isDir":false},{"path":"OneNote","isDir":true},{"path":"copilot","isDir":true},{"path":"Doc","isDir":true},{"path":"copilot/copilot-custom-prompts","isDir":true},{"path":"copilot/copilot-custom-prompts/Emojify.md","size":470,"isDir":false},{"path":"copilot/copilot-custom-prompts/Explain like I am 5.md","size":388,"isDir":false},{"path":"copilot/copilot-custom-prompts/Fix grammar and spelling.md","size":350,"isDir":false},{"path":"copilot/copilot-custom-prompts/Generate glossary.md","size":353,"isDir":false},{"path":"copilot/copilot-custom-prompts/Generate table of contents.md","size":357,"isDir":false},{"path":"copilot/copilot-custom-prompts/Make longer.md","size":379,"isDir":false},{"path":"copilot/copilot-custom-prompts/Make shorter.md","size":373,"isDir":false},{"path":"copilot/copilot-custom-prompts/Remove URLs.md","size":347,"isDir":false},{"path":"copilot/copilot-custom-prompts/Rewrite as tweet thread.md","size":500,"isDir":false},{"path":"copilot/copilot-custom-prompts/Rewrite as tweet.md","size":376,"isDir":false},{"path":"copilot/copilot-custom-prompts/Simplify.md","size":370,"isDir":false},{"path":"copilot/copilot-custom-prompts/Summarize.md","size":307,"isDir":false},{"path":"copilot/copilot-custom-prompts/Translate to Chinese.md","size":369,"isDir":false}]],"type":"debug","level":4,"tag":""}

{"date":"2025-12-05T14:56:54.632Z","args":["remote Stats",[{"path":"OneNote","isDir":true},{"path":"copilot","isDir":true},{"path":"Doc","isDir":true},{"path":"copilot/copilot-custom-prompts","isDir":true},{"path":"2025-11-25 光电子选修.md","size":761,"isDir":false},{"path":"2025-11-28.md","size":428,"isDir":false},{"path":"2025-11-29.md","size":192,"isDir":false},{"path":"2025-11-30.md","size":0,"isDir":false},{"path":"2025-10-18.md","size":35,"isDir":false},{"path":"2025-11-29 2.md","size":736,"isDir":false},{"path":"2025-12-02.md","size":821,"isDir":false},{"path":"4fbefc405337a64aec5d8516d404f12f.jpg","size":131552,"isDir":false},{"path":"医学免疫学 (曹雪涛) (Z-Library) - 快捷方式.lnk","size":1326,"isDir":false},{"path":"2025-12-04.md","size":90,"isDir":false},{"path":"微信图片_20240902223827.jpg","size":92572,"isDir":false},{"path":"未命名 1.md","size":0,"isDir":false},{"path":"未命名 2.md","size":0,"isDir":false},{"path":"未命名.base","size":40,"isDir":false},{"path":"未命名.md","size":0,"isDir":false},{"path":"欢迎.md","size":856,"isDir":false},{"path":"copilot/copilot-custom-prompts/Emojify.md","size":470,"isDir":false},{"path":"copilot/copilot-custom-prompts/Explain like I am 5.md","size":388,"isDir":false},{"path":"copilot/copilot-custom-prompts/Fix grammar and spelling.md","size":350,"isDir":false},{"path":"copilot/copilot-custom-prompts/Generate glossary.md","size":353,"isDir":false},{"path":"copilot/copilot-custom-prompts/Generate table of contents.md","size":357,"isDir":false},{"path":"copilot/copilot-custom-prompts/Make longer.md","size":379,"isDir":false},{"path":"copilot/copilot-custom-prompts/Make shorter.md","size":373,"isDir":false},{"path":"copilot/copilot-custom-prompts/Remove URLs.md","size":347,"isDir":false},{"path":"copilot/copilot-custom-prompts/Rewrite as tweet thread.md","size":500,"isDir":false},{"path":"copilot/copilot-custom-prompts/Rewrite as tweet.md","size":376,"isDir":false},{"path":"copilot/copilot-custom-prompts/Simplify.md","size":370,"isDir":false},{"path":"copilot/copilot-custom-prompts/Summarize.md","size":307,"isDir":false},{"path":"copilot/copilot-custom-prompts/Translate to Chinese.md","size":369,"isDir":false}]],"type":"debug","level":4,"tag":""}

{"date":"2025-12-05T14:56:54.632Z","args":[{"reason":"local file exists without a remote file","remotePath":"/黄宁的Obsidian2025.12.5/医学免疫学 (曹雪涛) (Z-Library).pdf","localPath":"医学免疫学 (曹雪涛) (Z-Library).pdf","conditions":{"recordExists":false,"remoteExists":false,"localExists":true}}],"type":"debug","level":4,"tag":""}

{"date":"2025-12-05T14:58:07.203Z","args":["local Stats",[{"path":"2025-11-25 光电子选修.md","size":761,"isDir":false},{"path":"2025-11-28.md","size":428,"isDir":false},{"path":"2025-11-29.md","size":192,"isDir":false},{"path":"2025-11-30.md","size":0,"isDir":false},{"path":"2025-10-18.md","size":35,"isDir":false},{"path":"2025-11-29 2.md","size":736,"isDir":false},{"path":"2025-12-02.md","size":821,"isDir":false},{"path":"4fbefc405337a64aec5d8516d404f12f.jpg","size":131552,"isDir":false},{"path":"医学免疫学 (曹雪涛) (Z-Library) - 快捷方式.lnk","size":1326,"isDir":false},{"path":"医学免疫学 (曹雪涛) (Z-Library).pdf","size":37572902,"isDir":false},{"path":"2025-12-04.md","size":90,"isDir":false},{"path":"微信图片_20240902223827.jpg","size":92572,"isDir":false},{"path":"未命名 1.md","size":0,"isDir":false},{"path":"未命名 2.md","size":0,"isDir":false},{"path":"未命名.base","size":40,"isDir":false},{"path":"未命名.md","size":0,"isDir":false},{"path":"欢迎.md","size":856,"isDir":false},{"path":"OneNote","isDir":true},{"path":"copilot","isDir":true},{"path":"Doc","isDir":true},{"path":"copilot/copilot-custom-prompts","isDir":true},{"path":"copilot/copilot-custom-prompts/Emojify.md","size":470,"isDir":false},{"path":"copilot/copilot-custom-prompts/Explain like I am 5.md","size":388,"isDir":false},{"path":"copilot/copilot-custom-prompts/Fix grammar and spelling.md","size":350,"isDir":false},{"path":"copilot/copilot-custom-prompts/Generate glossary.md","size":353,"isDir":false},{"path":"copilot/copilot-custom-prompts/Generate table of contents.md","size":357,"isDir":false},{"path":"copilot/copilot-custom-prompts/Make longer.md","size":379,"isDir":false},{"path":"copilot/copilot-custom-prompts/Make shorter.md","size":373,"isDir":false},{"path":"copilot/copilot-custom-prompts/Remove URLs.md","size":347,"isDir":false},{"path":"copilot/copilot-custom-prompts/Rewrite as tweet thread.md","size":500,"isDir":false},{"path":"copilot/copilot-custom-prompts/Rewrite as tweet.md","size":376,"isDir":false},{"path":"copilot/copilot-custom-prompts/Simplify.md","size":370,"isDir":false},{"path":"copilot/copilot-custom-prompts/Summarize.md","size":307,"isDir":false},{"path":"copilot/copilot-custom-prompts/Translate to Chinese.md","size":369,"isDir":false}]],"type":"debug","level":4,"tag":""}

{"date":"2025-12-05T14:58:07.203Z","args":["remote Stats",[{"path":"OneNote","isDir":true},{"path":"copilot","isDir":true},{"path":"Doc","isDir":true},{"path":"copilot/copilot-custom-prompts","isDir":true},{"path":"2025-11-25 光电子选修.md","size":761,"isDir":false},{"path":"2025-11-28.md","size":428,"isDir":false},{"path":"2025-11-29.md","size":192,"isDir":false},{"path":"2025-11-30.md","size":0,"isDir":false},{"path":"2025-10-18.md","size":35,"isDir":false},{"path":"2025-11-29 2.md","size":736,"isDir":false},{"path":"2025-12-02.md","size":821,"isDir":false},{"path":"4fbefc405337a64aec5d8516d404f12f.jpg","size":131552,"isDir":false},{"path":"医学免疫学 (曹雪涛) (Z-Library) - 快捷方式.lnk","size":1326,"isDir":false},{"path":"2025-12-04.md","size":90,"isDir":false},{"path":"微信图片_20240902223827.jpg","size":92572,"isDir":false},{"path":"未命名 1.md","size":0,"isDir":false},{"path":"未命名 2.md","size":0,"isDir":false},{"path":"未命名.base","size":40,"isDir":false},{"path":"未命名.md","size":0,"isDir":false},{"path":"欢迎.md","size":856,"isDir":false},{"path":"copilot/copilot-custom-prompts/Emojify.md","size":470,"isDir":false},{"path":"copilot/copilot-custom-prompts/Explain like I am 5.md","size":388,"isDir":false},{"path":"copilot/copilot-custom-prompts/Fix grammar and spelling.md","size":350,"isDir":false},{"path":"copilot/copilot-custom-prompts/Generate glossary.md","size":353,"isDir":false},{"path":"copilot/copilot-custom-prompts/Generate table of contents.md","size":357,"isDir":false},{"path":"copilot/copilot-custom-prompts/Make longer.md","size":379,"isDir":false},{"path":"copilot/copilot-custom-prompts/Make shorter.md","size":373,"isDir":false},{"path":"copilot/copilot-custom-prompts/Remove URLs.md","size":347,"isDir":false},{"path":"copilot/copilot-custom-prompts/Rewrite as tweet thread.md","size":500,"isDir":false},{"path":"copilot/copilot-custom-prompts/Rewrite as tweet.md","size":376,"isDir":false},{"path":"copilot/copilot-custom-prompts/Simplify.md","size":370,"isDir":false},{"path":"copilot/copilot-custom-prompts/Summarize.md","size":307,"isDir":false},{"path":"copilot/copilot-custom-prompts/Translate to Chinese.md","size":369,"isDir":false}]],"type":"debug","level":4,"tag":""}

{"date":"2025-12-05T14:58:07.203Z","args":[{"reason":"local file exists without a remote file","remotePath":"/黄宁的Obsidian2025.12.5/医学免疫学 (曹雪涛) (Z-Library).pdf","localPath":"医学免疫学 (曹雪涛) (Z-Library).pdf","conditions":{"recordExists":false,"remoteExists":false,"localExists":true}}],"type":"debug","level":4,"tag":""}

{"date":"2025-12-05T14:58:56.882Z","args":["local Stats",[{"path":"2025-11-25 光电子选修.md","size":761,"isDir":false},{"path":"2025-11-28.md","size":428,"isDir":false},{"path":"2025-11-29.md","size":192,"isDir":false},{"path":"2025-11-30.md","size":0,"isDir":false},{"path":"2025-10-18.md","size":35,"isDir":false},{"path":"2025-11-29 2.md","size":736,"isDir":false},{"path":"2025-12-02.md","size":821,"isDir":false},{"path":"4fbefc405337a64aec5d8516d404f12f.jpg","size":131552,"isDir":false},{"path":"医学免疫学 (曹雪涛) (Z-Library) - 快捷方式.lnk","size":1326,"isDir":false},{"path":"医学免疫学 (曹雪涛) (Z-Library).pdf","size":37572902,"isDir":false},{"path":"2025-12-04.md","size":90,"isDir":false},{"path":"微信图片_20240902223827.jpg","size":92572,"isDir":false},{"path":"未命名 1.md","size":0,"isDir":false},{"path":"未命名 2.md","size":0,"isDir":false},{"path":"未命名.base","size":40,"isDir":false},{"path":"未命名.md","size":0,"isDir":false},{"path":"欢迎.md","size":856,"isDir":false},{"path":"OneNote","isDir":true},{"path":"copilot","isDir":true},{"path":"Doc","isDir":true},{"path":"copilot/copilot-custom-prompts","isDir":true},{"path":"copilot/copilot-custom-prompts/Emojify.md","size":470,"isDir":false},{"path":"copilot/copilot-custom-prompts/Explain like I am 5.md","size":388,"isDir":false},{"path":"copilot/copilot-custom-prompts/Fix grammar and spelling.md","size":350,"isDir":false},{"path":"copilot/copilot-custom-prompts/Generate glossary.md","size":353,"isDir":false},{"path":"copilot/copilot-custom-prompts/Generate table of contents.md","size":357,"isDir":false},{"path":"copilot/copilot-custom-prompts/Make longer.md","size":379,"isDir":false},{"path":"copilot/copilot-custom-prompts/Make shorter.md","size":373,"isDir":false},{"path":"copilot/copilot-custom-prompts/Remove URLs.md","size":347,"isDir":false},{"path":"copilot/copilot-custom-prompts/Rewrite as tweet thread.md","size":500,"isDir":false},{"path":"copilot/copilot-custom-prompts/Rewrite as tweet.md","size":376,"isDir":false},{"path":"copilot/copilot-custom-prompts/Simplify.md","size":370,"isDir":false},{"path":"copilot/copilot-custom-prompts/Summarize.md","size":307,"isDir":false},{"path":"copilot/copilot-custom-prompts/Translate to Chinese.md","size":369,"isDir":false}]],"type":"debug","level":4,"tag":""}

{"date":"2025-12-05T14:58:56.882Z","args":["remote Stats",[{"path":"OneNote","isDir":true},{"path":"copilot","isDir":true},{"path":"Doc","isDir":true},{"path":"copilot/copilot-custom-prompts","isDir":true},{"path":"2025-11-25 光电子选修.md","size":761,"isDir":false},{"path":"2025-11-28.md","size":428,"isDir":false},{"path":"2025-11-29.md","size":192,"isDir":false},{"path":"2025-11-30.md","size":0,"isDir":false},{"path":"2025-10-18.md","size":35,"isDir":false},{"path":"2025-11-29 2.md","size":736,"isDir":false},{"path":"2025-12-02.md","size":821,"isDir":false},{"path":"4fbefc405337a64aec5d8516d404f12f.jpg","size":131552,"isDir":false},{"path":"医学免疫学 (曹雪涛) (Z-Library) - 快捷方式.lnk","size":1326,"isDir":false},{"path":"2025-12-04.md","size":90,"isDir":false},{"path":"微信图片_20240902223827.jpg","size":92572,"isDir":false},{"path":"未命名 1.md","size":0,"isDir":false},{"path":"未命名 2.md","size":0,"isDir":false},{"path":"未命名.base","size":40,"isDir":false},{"path":"未命名.md","size":0,"isDir":false},{"path":"欢迎.md","size":856,"isDir":false},{"path":"copilot/copilot-custom-prompts/Emojify.md","size":470,"isDir":false},{"path":"copilot/copilot-custom-prompts/Explain like I am 5.md","size":388,"isDir":false},{"path":"copilot/copilot-custom-prompts/Fix grammar and spelling.md","size":350,"isDir":false},{"path":"copilot/copilot-custom-prompts/Generate glossary.md","size":353,"isDir":false},{"path":"copilot/copilot-custom-prompts/Generate table of contents.md","size":357,"isDir":false},{"path":"copilot/copilot-custom-prompts/Make longer.md","size":379,"isDir":false},{"path":"copilot/copilot-custom-prompts/Make shorter.md","size":373,"isDir":false},{"path":"copilot/copilot-custom-prompts/Remove URLs.md","size":347,"isDir":false},{"path":"copilot/copilot-custom-prompts/Rewrite as tweet thread.md","size":500,"isDir":false},{"path":"copilot/copilot-custom-prompts/Rewrite as tweet.md","size":376,"isDir":false},{"path":"copilot/copilot-custom-prompts/Simplify.md","size":370,"isDir":false},{"path":"copilot/copilot-custom-prompts/Summarize.md","size":307,"isDir":false},{"path":"copilot/copilot-custom-prompts/Translate to Chinese.md","size":369,"isDir":false}]],"type":"debug","level":4,"tag":""}

{"date":"2025-12-05T14:58:56.882Z","args":[{"reason":"local file exists without a remote file","remotePath":"/黄宁的Obsidian2025.12.5/医学免疫学 (曹雪涛) (Z-Library).pdf","localPath":"医学免疫学 (曹雪涛) (Z-Library).pdf","conditions":{"recordExists":false,"remoteExists":false,"localExists":true}}],"type":"debug","level":4,"tag":""}

{"date":"2025-12-05T14:59:54.642Z","args":["local Stats",[{"path":"2025-11-25 光电子选修.md","size":761,"isDir":false},{"path":"2025-11-28.md","size":428,"isDir":false},{"path":"2025-11-29.md","size":192,"isDir":false},{"path":"2025-11-30.md","size":0,"isDir":false},{"path":"2025-10-18.md","size":35,"isDir":false},{"path":"2025-11-29 2.md","size":736,"isDir":false},{"path":"2025-12-02.md","size":821,"isDir":false},{"path":"4fbefc405337a64aec5d8516d404f12f.jpg","size":131552,"isDir":false},{"path":"医学免疫学 (曹雪涛) (Z-Library) - 快捷方式.lnk","size":1326,"isDir":false},{"path":"医学免疫学 (曹雪涛) (Z-Library).pdf","size":37572902,"isDir":false},{"path":"2025-12-04.md","size":90,"isDir":false},{"path":"微信图片_20240902223827.jpg","size":92572,"isDir":false},{"path":"未命名 1.md","size":0,"isDir":false},{"path":"未命名 2.md","size":0,"isDir":false},{"path":"未命名.base","size":40,"isDir":false},{"path":"未命名.md","size":0,"isDir":false},{"path":"欢迎.md","size":856,"isDir":false},{"path":"OneNote","isDir":true},{"path":"copilot","isDir":true},{"path":"Doc","isDir":true},{"path":"copilot/copilot-custom-prompts","isDir":true},{"path":"copilot/copilot-custom-prompts/Emojify.md","size":470,"isDir":false},{"path":"copilot/copilot-custom-prompts/Explain like I am 5.md","size":388,"isDir":false},{"path":"copilot/copilot-custom-prompts/Fix grammar and spelling.md","size":350,"isDir":false},{"path":"copilot/copilot-custom-prompts/Generate glossary.md","size":353,"isDir":false},{"path":"copilot/copilot-custom-prompts/Generate table of contents.md","size":357,"isDir":false},{"path":"copilot/copilot-custom-prompts/Make longer.md","size":379,"isDir":false},{"path":"copilot/copilot-custom-prompts/Make shorter.md","size":373,"isDir":false},{"path":"copilot/copilot-custom-prompts/Remove URLs.md","size":347,"isDir":false},{"path":"copilot/copilot-custom-prompts/Rewrite as tweet thread.md","size":500,"isDir":false},{"path":"copilot/copilot-custom-prompts/Rewrite as tweet.md","size":376,"isDir":false},{"path":"copilot/copilot-custom-prompts/Simplify.md","size":370,"isDir":false},{"path":"copilot/copilot-custom-prompts/Summarize.md","size":307,"isDir":false},{"path":"copilot/copilot-custom-prompts/Translate to Chinese.md","size":369,"isDir":false}]],"type":"debug","level":4,"tag":""}

{"date":"2025-12-05T14:59:54.642Z","args":["remote Stats",[{"path":"OneNote","isDir":true},{"path":"copilot","isDir":true},{"path":"Doc","isDir":true},{"path":"copilot/copilot-custom-prompts","isDir":true},{"path":"2025-11-25 光电子选修.md","size":761,"isDir":false},{"path":"2025-11-28.md","size":428,"isDir":false},{"path":"2025-11-29.md","size":192,"isDir":false},{"path":"2025-11-30.md","size":0,"isDir":false},{"path":"2025-10-18.md","size":35,"isDir":false},{"path":"2025-11-29 2.md","size":736,"isDir":false},{"path":"2025-12-02.md","size":821,"isDir":false},{"path":"4fbefc405337a64aec5d8516d404f12f.jpg","size":131552,"isDir":false},{"path":"医学免疫学 (曹雪涛) (Z-Library) - 快捷方式.lnk","size":1326,"isDir":false},{"path":"2025-12-04.md","size":90,"isDir":false},{"path":"微信图片_20240902223827.jpg","size":92572,"isDir":false},{"path":"未命名 1.md","size":0,"isDir":false},{"path":"未命名 2.md","size":0,"isDir":false},{"path":"未命名.base","size":40,"isDir":false},{"path":"未命名.md","size":0,"isDir":false},{"path":"欢迎.md","size":856,"isDir":false},{"path":"copilot/copilot-custom-prompts/Emojify.md","size":470,"isDir":false},{"path":"copilot/copilot-custom-prompts/Explain like I am 5.md","size":388,"isDir":false},{"path":"copilot/copilot-custom-prompts/Fix grammar and spelling.md","size":350,"isDir":false},{"path":"copilot/copilot-custom-prompts/Generate glossary.md","size":353,"isDir":false},{"path":"copilot/copilot-custom-prompts/Generate table of contents.md","size":357,"isDir":false},{"path":"copilot/copilot-custom-prompts/Make longer.md","size":379,"isDir":false},{"path":"copilot/copilot-custom-prompts/Make shorter.md","size":373,"isDir":false},{"path":"copilot/copilot-custom-prompts/Remove URLs.md","size":347,"isDir":false},{"path":"copilot/copilot-custom-prompts/Rewrite as tweet thread.md","size":500,"isDir":false},{"path":"copilot/copilot-custom-prompts/Rewrite as tweet.md","size":376,"isDir":false},{"path":"copilot/copilot-custom-prompts/Simplify.md","size":370,"isDir":false},{"path":"copilot/copilot-custom-prompts/Summarize.md","size":307,"isDir":false},{"path":"copilot/copilot-custom-prompts/Translate to Chinese.md","size":369,"isDir":false}]],"type":"debug","level":4,"tag":""}

{"date":"2025-12-05T14:59:54.642Z","args":[{"reason":"local file exists without a remote file","remotePath":"/黄宁的Obsidian2025.12.5/医学免疫学 (曹雪涛) (Z-Library).pdf","localPath":"医学免疫学 (曹雪涛) (Z-Library).pdf","conditions":{"recordExists":false,"remoteExists":false,"localExists":true}}],"type":"debug","level":4,"tag":""}

{"date":"2025-12-05T15:00:54.691Z","args":["local Stats",[{"path":"2025-11-25 光电子选修.md","size":761,"isDir":false},{"path":"2025-11-28.md","size":428,"isDir":false},{"path":"2025-11-29.md","size":192,"isDir":false},{"path":"2025-11-30.md","size":0,"isDir":false},{"path":"2025-10-18.md","size":35,"isDir":false},{"path":"2025-11-29 2.md","size":736,"isDir":false},{"path":"2025-12-02.md","size":821,"isDir":false},{"path":"4fbefc405337a64aec5d8516d404f12f.jpg","size":131552,"isDir":false},{"path":"医学免疫学 (曹雪涛) (Z-Library) - 快捷方式.lnk","size":1326,"isDir":false},{"path":"医学免疫学 (曹雪涛) (Z-Library).pdf","size":37572902,"isDir":false},{"path":"2025-12-04.md","size":90,"isDir":false},{"path":"微信图片_20240902223827.jpg","size":92572,"isDir":false},{"path":"未命名 1.md","size":0,"isDir":false},{"path":"未命名 2.md","size":0,"isDir":false},{"path":"未命名.base","size":40,"isDir":false},{"path":"未命名.md","size":0,"isDir":false},{"path":"欢迎.md","size":856,"isDir":false},{"path":"OneNote","isDir":true},{"path":"copilot","isDir":true},{"path":"Doc","isDir":true},{"path":"copilot/copilot-custom-prompts","isDir":true},{"path":"copilot/copilot-custom-prompts/Emojify.md","size":470,"isDir":false},{"path":"copilot/copilot-custom-prompts/Explain like I am 5.md","size":388,"isDir":false},{"path":"copilot/copilot-custom-prompts/Fix grammar and spelling.md","size":350,"isDir":false},{"path":"copilot/copilot-custom-prompts/Generate glossary.md","size":353,"isDir":false},{"path":"copilot/copilot-custom-prompts/Generate table of contents.md","size":357,"isDir":false},{"path":"copilot/copilot-custom-prompts/Make longer.md","size":379,"isDir":false},{"path":"copilot/copilot-custom-prompts/Make shorter.md","size":373,"isDir":false},{"path":"copilot/copilot-custom-prompts/Remove URLs.md","size":347,"isDir":false},{"path":"copilot/copilot-custom-prompts/Rewrite as tweet thread.md","size":500,"isDir":false},{"path":"copilot/copilot-custom-prompts/Rewrite as tweet.md","size":376,"isDir":false},{"path":"copilot/copilot-custom-prompts/Simplify.md","size":370,"isDir":false},{"path":"copilot/copilot-custom-prompts/Summarize.md","size":307,"isDir":false},{"path":"copilot/copilot-custom-prompts/Translate to Chinese.md","size":369,"isDir":false}]],"type":"debug","level":4,"tag":""}

{"date":"2025-12-05T15:00:54.691Z","args":["remote Stats",[{"path":"OneNote","isDir":true},{"path":"copilot","isDir":true},{"path":"Doc","isDir":true},{"path":"copilot/copilot-custom-prompts","isDir":true},{"path":"2025-11-25 光电子选修.md","size":761,"isDir":false},{"path":"2025-11-28.md","size":428,"isDir":false},{"path":"2025-11-29.md","size":192,"isDir":false},{"path":"2025-11-30.md","size":0,"isDir":false},{"path":"2025-10-18.md","size":35,"isDir":false},{"path":"2025-11-29 2.md","size":736,"isDir":false},{"path":"2025-12-02.md","size":821,"isDir":false},{"path":"4fbefc405337a64aec5d8516d404f12f.jpg","size":131552,"isDir":false},{"path":"医学免疫学 (曹雪涛) (Z-Library) - 快捷方式.lnk","size":1326,"isDir":false},{"path":"2025-12-04.md","size":90,"isDir":false},{"path":"微信图片_20240902223827.jpg","size":92572,"isDir":false},{"path":"未命名 1.md","size":0,"isDir":false},{"path":"未命名 2.md","size":0,"isDir":false},{"path":"未命名.base","size":40,"isDir":false},{"path":"未命名.md","size":0,"isDir":false},{"path":"欢迎.md","size":856,"isDir":false},{"path":"copilot/copilot-custom-prompts/Emojify.md","size":470,"isDir":false},{"path":"copilot/copilot-custom-prompts/Explain like I am 5.md","size":388,"isDir":false},{"path":"copilot/copilot-custom-prompts/Fix grammar and spelling.md","size":350,"isDir":false},{"path":"copilot/copilot-custom-prompts/Generate glossary.md","size":353,"isDir":false},{"path":"copilot/copilot-custom-prompts/Generate table of contents.md","size":357,"isDir":false},{"path":"copilot/copilot-custom-prompts/Make longer.md","size":379,"isDir":false},{"path":"copilot/copilot-custom-prompts/Make shorter.md","size":373,"isDir":false},{"path":"copilot/copilot-custom-prompts/Remove URLs.md","size":347,"isDir":false},{"path":"copilot/copilot-custom-prompts/Rewrite as tweet thread.md","size":500,"isDir":false},{"path":"copilot/copilot-custom-prompts/Rewrite as tweet.md","size":376,"isDir":false},{"path":"copilot/copilot-custom-prompts/Simplify.md","size":370,"isDir":false},{"path":"copilot/copilot-custom-prompts/Summarize.md","size":307,"isDir":false},{"path":"copilot/copilot-custom-prompts/Translate to Chinese.md","size":369,"isDir":false}]],"type":"debug","level":4,"tag":""}

{"date":"2025-12-05T15:00:54.691Z","args":[{"reason":"local file exists without a remote file","remotePath":"/黄宁的Obsidian2025.12.5/医学免疫学 (曹雪涛) (Z-Library).pdf","localPath":"医学免疫学 (曹雪涛) (Z-Library).pdf","conditions":{"recordExists":false,"remoteExists":false,"localExists":true}}],"type":"debug","level":4,"tag":""}

{"date":"2025-12-05T15:01:54.664Z","args":["local Stats",[{"path":"2025-11-25 光电子选修.md","size":761,"isDir":false},{"path":"2025-11-28.md","size":428,"isDir":false},{"path":"2025-11-29.md","size":192,"isDir":false},{"path":"2025-11-30.md","size":0,"isDir":false},{"path":"2025-10-18.md","size":35,"isDir":false},{"path":"2025-11-29 2.md","size":736,"isDir":false},{"path":"2025-12-02.md","size":821,"isDir":false},{"path":"4fbefc405337a64aec5d8516d404f12f.jpg","size":131552,"isDir":false},{"path":"医学免疫学 (曹雪涛) (Z-Library) - 快捷方式.lnk","size":1326,"isDir":false},{"path":"医学免疫学 (曹雪涛) (Z-Library).pdf","size":37572902,"isDir":false},{"path":"2025-12-04.md","size":90,"isDir":false},{"path":"微信图片_20240902223827.jpg","size":92572,"isDir":false},{"path":"未命名 1.md","size":0,"isDir":false},{"path":"未命名 2.md","size":0,"isDir":false},{"path":"未命名.base","size":40,"isDir":false},{"path":"未命名.md","size":0,"isDir":false},{"path":"欢迎.md","size":856,"isDir":false},{"path":"OneNote","isDir":true},{"path":"copilot","isDir":true},{"path":"Doc","isDir":true},{"path":"copilot/copilot-custom-prompts","isDir":true},{"path":"copilot/copilot-custom-prompts/Emojify.md","size":470,"isDir":false},{"path":"copilot/copilot-custom-prompts/Explain like I am 5.md","size":388,"isDir":false},{"path":"copilot/copilot-custom-prompts/Fix grammar and spelling.md","size":350,"isDir":false},{"path":"copilot/copilot-custom-prompts/Generate glossary.md","size":353,"isDir":false},{"path":"copilot/copilot-custom-prompts/Generate table of contents.md","size":357,"isDir":false},{"path":"copilot/copilot-custom-prompts/Make longer.md","size":379,"isDir":false},{"path":"copilot/copilot-custom-prompts/Make shorter.md","size":373,"isDir":false},{"path":"copilot/copilot-custom-prompts/Remove URLs.md","size":347,"isDir":false},{"path":"copilot/copilot-custom-prompts/Rewrite as tweet thread.md","size":500,"isDir":false},{"path":"copilot/copilot-custom-prompts/Rewrite as tweet.md","size":376,"isDir":false},{"path":"copilot/copilot-custom-prompts/Simplify.md","size":370,"isDir":false},{"path":"copilot/copilot-custom-prompts/Summarize.md","size":307,"isDir":false},{"path":"copilot/copilot-custom-prompts/Translate to Chinese.md","size":369,"isDir":false}]],"type":"debug","level":4,"tag":""}

{"date":"2025-12-05T15:01:54.664Z","args":["remote Stats",[{"path":"OneNote","isDir":true},{"path":"copilot","isDir":true},{"path":"Doc","isDir":true},{"path":"copilot/copilot-custom-prompts","isDir":true},{"path":"2025-11-25 光电子选修.md","size":761,"isDir":false},{"path":"2025-11-28.md","size":428,"isDir":false},{"path":"2025-11-29.md","size":192,"isDir":false},{"path":"2025-11-30.md","size":0,"isDir":false},{"path":"2025-10-18.md","size":35,"isDir":false},{"path":"2025-11-29 2.md","size":736,"isDir":false},{"path":"2025-12-02.md","size":821,"isDir":false},{"path":"4fbefc405337a64aec5d8516d404f12f.jpg","size":131552,"isDir":false},{"path":"医学免疫学 (曹雪涛) (Z-Library) - 快捷方式.lnk","size":1326,"isDir":false},{"path":"2025-12-04.md","size":90,"isDir":false},{"path":"微信图片_20240902223827.jpg","size":92572,"isDir":false},{"path":"未命名 1.md","size":0,"isDir":false},{"path":"未命名 2.md","size":0,"isDir":false},{"path":"未命名.base","size":40,"isDir":false},{"path":"未命名.md","size":0,"isDir":false},{"path":"欢迎.md","size":856,"isDir":false},{"path":"copilot/copilot-custom-prompts/Emojify.md","size":470,"isDir":false},{"path":"copilot/copilot-custom-prompts/Explain like I am 5.md","size":388,"isDir":false},{"path":"copilot/copilot-custom-prompts/Fix grammar and spelling.md","size":350,"isDir":false},{"path":"copilot/copilot-custom-prompts/Generate glossary.md","size":353,"isDir":false},{"path":"copilot/copilot-custom-prompts/Generate table of contents.md","size":357,"isDir":false},{"path":"copilot/copilot-custom-prompts/Make longer.md","size":379,"isDir":false},{"path":"copilot/copilot-custom-prompts/Make shorter.md","size":373,"isDir":false},{"path":"copilot/copilot-custom-prompts/Remove URLs.md","size":347,"isDir":false},{"path":"copilot/copilot-custom-prompts/Rewrite as tweet thread.md","size":500,"isDir":false},{"path":"copilot/copilot-custom-prompts/Rewrite as tweet.md","size":376,"isDir":false},{"path":"copilot/copilot-custom-prompts/Simplify.md","size":370,"isDir":false},{"path":"copilot/copilot-custom-prompts/Summarize.md","size":307,"isDir":false},{"path":"copilot/copilot-custom-prompts/Translate to Chinese.md","size":369,"isDir":false}]],"type":"debug","level":4,"tag":""}

{"date":"2025-12-05T15:01:54.664Z","args":[{"reason":"local file exists without a remote file","remotePath":"/黄宁的Obsidian2025.12.5/医学免疫学 (曹雪涛) (Z-Library).pdf","localPath":"医学免疫学 (曹雪涛) (Z-Library).pdf","conditions":{"recordExists":false,"remoteExists":false,"localExists":true}}],"type":"debug","level":4,"tag":""}

{"date":"2025-12-05T15:02:54.696Z","args":["local Stats",[{"path":"2025-11-25 光电子选修.md","size":761,"isDir":false},{"path":"2025-11-28.md","size":428,"isDir":false},{"path":"2025-11-29.md","size":192,"isDir":false},{"path":"2025-11-30.md","size":0,"isDir":false},{"path":"2025-10-18.md","size":35,"isDir":false},{"path":"2025-11-29 2.md","size":736,"isDir":false},{"path":"2025-12-02.md","size":821,"isDir":false},{"path":"4fbefc405337a64aec5d8516d404f12f.jpg","size":131552,"isDir":false},{"path":"医学免疫学 (曹雪涛) (Z-Library) - 快捷方式.lnk","size":1326,"isDir":false},{"path":"医学免疫学 (曹雪涛) (Z-Library).pdf","size":37572902,"isDir":false},{"path":"2025-12-04.md","size":90,"isDir":false},{"path":"微信图片_20240902223827.jpg","size":92572,"isDir":false},{"path":"未命名 1.md","size":0,"isDir":false},{"path":"未命名 2.md","size":0,"isDir":false},{"path":"未命名.base","size":40,"isDir":false},{"path":"未命名.md","size":0,"isDir":false},{"path":"欢迎.md","size":856,"isDir":false},{"path":"OneNote","isDir":true},{"path":"copilot","isDir":true},{"path":"Doc","isDir":true},{"path":"copilot/copilot-custom-prompts","isDir":true},{"path":"copilot/copilot-custom-prompts/Emojify.md","size":470,"isDir":false},{"path":"copilot/copilot-custom-prompts/Explain like I am 5.md","size":388,"isDir":false},{"path":"copilot/copilot-custom-prompts/Fix grammar and spelling.md","size":350,"isDir":false},{"path":"copilot/copilot-custom-prompts/Generate glossary.md","size":353,"isDir":false},{"path":"copilot/copilot-custom-prompts/Generate table of contents.md","size":357,"isDir":false},{"path":"copilot/copilot-custom-prompts/Make longer.md","size":379,"isDir":false},{"path":"copilot/copilot-custom-prompts/Make shorter.md","size":373,"isDir":false},{"path":"copilot/copilot-custom-prompts/Remove URLs.md","size":347,"isDir":false},{"path":"copilot/copilot-custom-prompts/Rewrite as tweet thread.md","size":500,"isDir":false},{"path":"copilot/copilot-custom-prompts/Rewrite as tweet.md","size":376,"isDir":false},{"path":"copilot/copilot-custom-prompts/Simplify.md","size":370,"isDir":false},{"path":"copilot/copilot-custom-prompts/Summarize.md","size":307,"isDir":false},{"path":"copilot/copilot-custom-prompts/Translate to Chinese.md","size":369,"isDir":false}]],"type":"debug","level":4,"tag":""}

{"date":"2025-12-05T15:02:54.696Z","args":["remote Stats",[{"path":"OneNote","isDir":true},{"path":"copilot","isDir":true},{"path":"Doc","isDir":true},{"path":"copilot/copilot-custom-prompts","isDir":true},{"path":"2025-11-25 光电子选修.md","size":761,"isDir":false},{"path":"2025-11-28.md","size":428,"isDir":false},{"path":"2025-11-29.md","size":192,"isDir":false},{"path":"2025-11-30.md","size":0,"isDir":false},{"path":"2025-10-18.md","size":35,"isDir":false},{"path":"2025-11-29 2.md","size":736,"isDir":false},{"path":"2025-12-02.md","size":821,"isDir":false},{"path":"4fbefc405337a64aec5d8516d404f12f.jpg","size":131552,"isDir":false},{"path":"医学免疫学 (曹雪涛) (Z-Library) - 快捷方式.lnk","size":1326,"isDir":false},{"path":"2025-12-04.md","size":90,"isDir":false},{"path":"微信图片_20240902223827.jpg","size":92572,"isDir":false},{"path":"未命名 1.md","size":0,"isDir":false},{"path":"未命名 2.md","size":0,"isDir":false},{"path":"未命名.base","size":40,"isDir":false},{"path":"未命名.md","size":0,"isDir":false},{"path":"欢迎.md","size":856,"isDir":false},{"path":"copilot/copilot-custom-prompts/Emojify.md","size":470,"isDir":false},{"path":"copilot/copilot-custom-prompts/Explain like I am 5.md","size":388,"isDir":false},{"path":"copilot/copilot-custom-prompts/Fix grammar and spelling.md","size":350,"isDir":false},{"path":"copilot/copilot-custom-prompts/Generate glossary.md","size":353,"isDir":false},{"path":"copilot/copilot-custom-prompts/Generate table of contents.md","size":357,"isDir":false},{"path":"copilot/copilot-custom-prompts/Make longer.md","size":379,"isDir":false},{"path":"copilot/copilot-custom-prompts/Make shorter.md","size":373,"isDir":false},{"path":"copilot/copilot-custom-prompts/Remove URLs.md","size":347,"isDir":false},{"path":"copilot/copilot-custom-prompts/Rewrite as tweet thread.md","size":500,"isDir":false},{"path":"copilot/copilot-custom-prompts/Rewrite as tweet.md","size":376,"isDir":false},{"path":"copilot/copilot-custom-prompts/Simplify.md","size":370,"isDir":false},{"path":"copilot/copilot-custom-prompts/Summarize.md","size":307,"isDir":false},{"path":"copilot/copilot-custom-prompts/Translate to Chinese.md","size":369,"isDir":false}]],"type":"debug","level":4,"tag":""}

{"date":"2025-12-05T15:02:54.696Z","args":[{"reason":"local file exists without a remote file","remotePath":"/黄宁的Obsidian2025.12.5/医学免疫学 (曹雪涛) (Z-Library).pdf","localPath":"医学免疫学 (曹雪涛) (Z-Library).pdf","conditions":{"recordExists":false,"remoteExists":false,"localExists":true}}],"type":"debug","level":4,"tag":""}

{"date":"2025-12-05T15:03:54.667Z","args":["local Stats",[{"path":"2025-11-25 光电子选修.md","size":761,"isDir":false},{"path":"2025-11-28.md","size":428,"isDir":false},{"path":"2025-11-29.md","size":192,"isDir":false},{"path":"2025-11-30.md","size":0,"isDir":false},{"path":"2025-10-18.md","size":35,"isDir":false},{"path":"2025-11-29 2.md","size":736,"isDir":false},{"path":"2025-12-02.md","size":821,"isDir":false},{"path":"4fbefc405337a64aec5d8516d404f12f.jpg","size":131552,"isDir":false},{"path":"医学免疫学 (曹雪涛) (Z-Library) - 快捷方式.lnk","size":1326,"isDir":false},{"path":"医学免疫学 (曹雪涛) (Z-Library).pdf","size":37572902,"isDir":false},{"path":"2025-12-04.md","size":90,"isDir":false},{"path":"微信图片_20240902223827.jpg","size":92572,"isDir":false},{"path":"未命名 1.md","size":0,"isDir":false},{"path":"未命名 2.md","size":0,"isDir":false},{"path":"未命名.base","size":40,"isDir":false},{"path":"未命名.md","size":0,"isDir":false},{"path":"欢迎.md","size":856,"isDir":false},{"path":"OneNote","isDir":true},{"path":"copilot","isDir":true},{"path":"Doc","isDir":true},{"path":"copilot/copilot-custom-prompts","isDir":true},{"path":"copilot/copilot-custom-prompts/Emojify.md","size":470,"isDir":false},{"path":"copilot/copilot-custom-prompts/Explain like I am 5.md","size":388,"isDir":false},{"path":"copilot/copilot-custom-prompts/Fix grammar and spelling.md","size":350,"isDir":false},{"path":"copilot/copilot-custom-prompts/Generate glossary.md","size":353,"isDir":false},{"path":"copilot/copilot-custom-prompts/Generate table of contents.md","size":357,"isDir":false},{"path":"copilot/copilot-custom-prompts/Make longer.md","size":379,"isDir":false},{"path":"copilot/copilot-custom-prompts/Make shorter.md","size":373,"isDir":false},{"path":"copilot/copilot-custom-prompts/Remove URLs.md","size":347,"isDir":false},{"path":"copilot/copilot-custom-prompts/Rewrite as tweet thread.md","size":500,"isDir":false},{"path":"copilot/copilot-custom-prompts/Rewrite as tweet.md","size":376,"isDir":false},{"path":"copilot/copilot-custom-prompts/Simplify.md","size":370,"isDir":false},{"path":"copilot/copilot-custom-prompts/Summarize.md","size":307,"isDir":false},{"path":"copilot/copilot-custom-prompts/Translate to Chinese.md","size":369,"isDir":false}]],"type":"debug","level":4,"tag":""}

{"date":"2025-12-05T15:03:54.667Z","args":["remote Stats",[{"path":"OneNote","isDir":true},{"path":"copilot","isDir":true},{"path":"Doc","isDir":true},{"path":"copilot/copilot-custom-prompts","isDir":true},{"path":"2025-11-25 光电子选修.md","size":761,"isDir":false},{"path":"2025-11-28.md","size":428,"isDir":false},{"path":"2025-11-29.md","size":192,"isDir":false},{"path":"2025-11-30.md","size":0,"isDir":false},{"path":"2025-10-18.md","size":35,"isDir":false},{"path":"2025-11-29 2.md","size":736,"isDir":false},{"path":"2025-12-02.md","size":821,"isDir":false},{"path":"4fbefc405337a64aec5d8516d404f12f.jpg","size":131552,"isDir":false},{"path":"医学免疫学 (曹雪涛) (Z-Library) - 快捷方式.lnk","size":1326,"isDir":false},{"path":"2025-12-04.md","size":90,"isDir":false},{"path":"微信图片_20240902223827.jpg","size":92572,"isDir":false},{"path":"未命名 1.md","size":0,"isDir":false},{"path":"未命名 2.md","size":0,"isDir":false},{"path":"未命名.base","size":40,"isDir":false},{"path":"未命名.md","size":0,"isDir":false},{"path":"欢迎.md","size":856,"isDir":false},{"path":"copilot/copilot-custom-prompts/Emojify.md","size":470,"isDir":false},{"path":"copilot/copilot-custom-prompts/Explain like I am 5.md","size":388,"isDir":false},{"path":"copilot/copilot-custom-prompts/Fix grammar and spelling.md","size":350,"isDir":false},{"path":"copilot/copilot-custom-prompts/Generate glossary.md","size":353,"isDir":false},{"path":"copilot/copilot-custom-prompts/Generate table of contents.md","size":357,"isDir":false},{"path":"copilot/copilot-custom-prompts/Make longer.md","size":379,"isDir":false},{"path":"copilot/copilot-custom-prompts/Make shorter.md","size":373,"isDir":false},{"path":"copilot/copilot-custom-prompts/Remove URLs.md","size":347,"isDir":false},{"path":"copilot/copilot-custom-prompts/Rewrite as tweet thread.md","size":500,"isDir":false},{"path":"copilot/copilot-custom-prompts/Rewrite as tweet.md","size":376,"isDir":false},{"path":"copilot/copilot-custom-prompts/Simplify.md","size":370,"isDir":false},{"path":"copilot/copilot-custom-prompts/Summarize.md","size":307,"isDir":false},{"path":"copilot/copilot-custom-prompts/Translate to Chinese.md","size":369,"isDir":false}]],"type":"debug","level":4,"tag":""}

{"date":"2025-12-05T15:03:54.667Z","args":[{"reason":"local file exists without a remote file","remotePath":"/黄宁的Obsidian2025.12.5/医学免疫学 (曹雪涛) (Z-Library).pdf","localPath":"医学免疫学 (曹雪涛) (Z-Library).pdf","conditions":{"recordExists":false,"remoteExists":false,"localExists":true}}],"type":"debug","level":4,"tag":""}

{"date":"2025-12-05T15:04:48.132Z","args":["local Stats",[{"path":"2025-11-25 光电子选修.md","size":761,"isDir":false},{"path":"2025-11-28.md","size":428,"isDir":false},{"path":"2025-11-29.md","size":192,"isDir":false},{"path":"2025-11-30.md","size":0,"isDir":false},{"path":"2025-10-18.md","size":35,"isDir":false},{"path":"2025-11-29 2.md","size":736,"isDir":false},{"path":"2025-12-02.md","size":821,"isDir":false},{"path":"4fbefc405337a64aec5d8516d404f12f.jpg","size":131552,"isDir":false},{"path":"医学免疫学 (曹雪涛) (Z-Library) - 快捷方式.lnk","size":1326,"isDir":false},{"path":"医学免疫学 (曹雪涛) (Z-Library).pdf","size":37572902,"isDir":false},{"path":"2025-12-04.md","size":90,"isDir":false},{"path":"微信图片_20240902223827.jpg","size":92572,"isDir":false},{"path":"未命名 1.md","size":0,"isDir":false},{"path":"未命名 2.md","size":0,"isDir":false},{"path":"未命名.base","size":40,"isDir":false},{"path":"未命名.md","size":0,"isDir":false},{"path":"欢迎.md","size":856,"isDir":false},{"path":"OneNote","isDir":true},{"path":"copilot","isDir":true},{"path":"Doc","isDir":true},{"path":"copilot/copilot-custom-prompts","isDir":true},{"path":"copilot/copilot-custom-prompts/Emojify.md","size":470,"isDir":false},{"path":"copilot/copilot-custom-prompts/Explain like I am 5.md","size":388,"isDir":false},{"path":"copilot/copilot-custom-prompts/Fix grammar and spelling.md","size":350,"isDir":false},{"path":"copilot/copilot-custom-prompts/Generate glossary.md","size":353,"isDir":false},{"path":"copilot/copilot-custom-prompts/Generate table of contents.md","size":357,"isDir":false},{"path":"copilot/copilot-custom-prompts/Make longer.md","size":379,"isDir":false},{"path":"copilot/copilot-custom-prompts/Make shorter.md","size":373,"isDir":false},{"path":"copilot/copilot-custom-prompts/Remove URLs.md","size":347,"isDir":false},{"path":"copilot/copilot-custom-prompts/Rewrite as tweet thread.md","size":500,"isDir":false},{"path":"copilot/copilot-custom-prompts/Rewrite as tweet.md","size":376,"isDir":false},{"path":"copilot/copilot-custom-prompts/Simplify.md","size":370,"isDir":false},{"path":"copilot/copilot-custom-prompts/Summarize.md","size":307,"isDir":false},{"path":"copilot/copilot-custom-prompts/Translate to Chinese.md","size":369,"isDir":false}]],"type":"debug","level":4,"tag":""}

{"date":"2025-12-05T15:04:48.132Z","args":["remote Stats",[{"path":"OneNote","isDir":true},{"path":"copilot","isDir":true},{"path":"Doc","isDir":true},{"path":"copilot/copilot-custom-prompts","isDir":true},{"path":"2025-11-25 光电子选修.md","size":761,"isDir":false},{"path":"2025-11-28.md","size":428,"isDir":false},{"path":"2025-11-29.md","size":192,"isDir":false},{"path":"2025-11-30.md","size":0,"isDir":false},{"path":"2025-10-18.md","size":35,"isDir":false},{"path":"2025-11-29 2.md","size":736,"isDir":false},{"path":"2025-12-02.md","size":821,"isDir":false},{"path":"4fbefc405337a64aec5d8516d404f12f.jpg","size":131552,"isDir":false},{"path":"医学免疫学 (曹雪涛) (Z-Library) - 快捷方式.lnk","size":1326,"isDir":false},{"path":"2025-12-04.md","size":90,"isDir":false},{"path":"微信图片_20240902223827.jpg","size":92572,"isDir":false},{"path":"未命名 1.md","size":0,"isDir":false},{"path":"未命名 2.md","size":0,"isDir":false},{"path":"未命名.base","size":40,"isDir":false},{"path":"未命名.md","size":0,"isDir":false},{"path":"欢迎.md","size":856,"isDir":false},{"path":"copilot/copilot-custom-prompts/Emojify.md","size":470,"isDir":false},{"path":"copilot/copilot-custom-prompts/Explain like I am 5.md","size":388,"isDir":false},{"path":"copilot/copilot-custom-prompts/Fix grammar and spelling.md","size":350,"isDir":false},{"path":"copilot/copilot-custom-prompts/Generate glossary.md","size":353,"isDir":false},{"path":"copilot/copilot-custom-prompts/Generate table of contents.md","size":357,"isDir":false},{"path":"copilot/copilot-custom-prompts/Make longer.md","size":379,"isDir":false},{"path":"copilot/copilot-custom-prompts/Make shorter.md","size":373,"isDir":false},{"path":"copilot/copilot-custom-prompts/Remove URLs.md","size":347,"isDir":false},{"path":"copilot/copilot-custom-prompts/Rewrite as tweet thread.md","size":500,"isDir":false},{"path":"copilot/copilot-custom-prompts/Rewrite as tweet.md","size":376,"isDir":false},{"path":"copilot/copilot-custom-prompts/Simplify.md","size":370,"isDir":false},{"path":"copilot/copilot-custom-prompts/Summarize.md","size":307,"isDir":false},{"path":"copilot/copilot-custom-prompts/Translate to Chinese.md","size":369,"isDir":false}]],"type":"debug","level":4,"tag":""}

{"date":"2025-12-05T15:04:48.132Z","args":[{"reason":"local file exists without a remote file","remotePath":"/黄宁的Obsidian2025.12.5/医学免疫学 (曹雪涛) (Z-Library).pdf","localPath":"医学免疫学 (曹雪涛) (Z-Library).pdf","conditions":{"recordExists":false,"remoteExists":false,"localExists":true}}],"type":"debug","level":4,"tag":""}

{"date":"2025-12-05T15:05:33.793Z","args":["local Stats",[{"path":"2025-11-25 光电子选修.md","size":761,"isDir":false},{"path":"2025-11-28.md","size":428,"isDir":false},{"path":"2025-11-29.md","size":192,"isDir":false},{"path":"2025-11-30.md","size":0,"isDir":false},{"path":"2025-10-18.md","size":35,"isDir":false},{"path":"2025-11-29 2.md","size":736,"isDir":false},{"path":"2025-12-02.md","size":821,"isDir":false},{"path":"4fbefc405337a64aec5d8516d404f12f.jpg","size":131552,"isDir":false},{"path":"医学免疫学 (曹雪涛) (Z-Library) - 快捷方式.lnk","size":1326,"isDir":false},{"path":"医学免疫学 (曹雪涛) (Z-Library).pdf","size":37572902,"isDir":false},{"path":"2025-12-04.md","size":90,"isDir":false},{"path":"微信图片_20240902223827.jpg","size":92572,"isDir":false},{"path":"未命名 1.md","size":0,"isDir":false},{"path":"未命名 2.md","size":0,"isDir":false},{"path":"未命名.base","size":40,"isDir":false},{"path":"未命名.md","size":0,"isDir":false},{"path":"欢迎.md","size":856,"isDir":false},{"path":"OneNote","isDir":true},{"path":"copilot","isDir":true},{"path":"Doc","isDir":true},{"path":"copilot/copilot-custom-prompts","isDir":true},{"path":"copilot/copilot-custom-prompts/Emojify.md","size":470,"isDir":false},{"path":"copilot/copilot-custom-prompts/Explain like I am 5.md","size":388,"isDir":false},{"path":"copilot/copilot-custom-prompts/Fix grammar and spelling.md","size":350,"isDir":false},{"path":"copilot/copilot-custom-prompts/Generate glossary.md","size":353,"isDir":false},{"path":"copilot/copilot-custom-prompts/Generate table of contents.md","size":357,"isDir":false},{"path":"copilot/copilot-custom-prompts/Make longer.md","size":379,"isDir":false},{"path":"copilot/copilot-custom-prompts/Make shorter.md","size":373,"isDir":false},{"path":"copilot/copilot-custom-prompts/Remove URLs.md","size":347,"isDir":false},{"path":"copilot/copilot-custom-prompts/Rewrite as tweet thread.md","size":500,"isDir":false},{"path":"copilot/copilot-custom-prompts/Rewrite as tweet.md","size":376,"isDir":false},{"path":"copilot/copilot-custom-prompts/Simplify.md","size":370,"isDir":false},{"path":"copilot/copilot-custom-prompts/Summarize.md","size":307,"isDir":false},{"path":"copilot/copilot-custom-prompts/Translate to Chinese.md","size":369,"isDir":false}]],"type":"debug","level":4,"tag":""}

{"date":"2025-12-05T15:05:33.793Z","args":["remote Stats",[{"path":"OneNote","isDir":true},{"path":"copilot","isDir":true},{"path":"Doc","isDir":true},{"path":"copilot/copilot-custom-prompts","isDir":true},{"path":"2025-11-25 光电子选修.md","size":761,"isDir":false},{"path":"2025-11-28.md","size":428,"isDir":false},{"path":"2025-11-29.md","size":192,"isDir":false},{"path":"2025-11-30.md","size":0,"isDir":false},{"path":"2025-10-18.md","size":35,"isDir":false},{"path":"2025-11-29 2.md","size":736,"isDir":false},{"path":"2025-12-02.md","size":821,"isDir":false},{"path":"4fbefc405337a64aec5d8516d404f12f.jpg","size":131552,"isDir":false},{"path":"医学免疫学 (曹雪涛) (Z-Library) - 快捷方式.lnk","size":1326,"isDir":false},{"path":"2025-12-04.md","size":90,"isDir":false},{"path":"微信图片_20240902223827.jpg","size":92572,"isDir":false},{"path":"未命名 1.md","size":0,"isDir":false},{"path":"未命名 2.md","size":0,"isDir":false},{"path":"未命名.base","size":40,"isDir":false},{"path":"未命名.md","size":0,"isDir":false},{"path":"欢迎.md","size":856,"isDir":false},{"path":"copilot/copilot-custom-prompts/Emojify.md","size":470,"isDir":false},{"path":"copilot/copilot-custom-prompts/Explain like I am 5.md","size":388,"isDir":false},{"path":"copilot/copilot-custom-prompts/Fix grammar and spelling.md","size":350,"isDir":false},{"path":"copilot/copilot-custom-prompts/Generate glossary.md","size":353,"isDir":false},{"path":"copilot/copilot-custom-prompts/Generate table of contents.md","size":357,"isDir":false},{"path":"copilot/copilot-custom-prompts/Make longer.md","size":379,"isDir":false},{"path":"copilot/copilot-custom-prompts/Make shorter.md","size":373,"isDir":false},{"path":"copilot/copilot-custom-prompts/Remove URLs.md","size":347,"isDir":false},{"path":"copilot/copilot-custom-prompts/Rewrite as tweet thread.md","size":500,"isDir":false},{"path":"copilot/copilot-custom-prompts/Rewrite as tweet.md","size":376,"isDir":false},{"path":"copilot/copilot-custom-prompts/Simplify.md","size":370,"isDir":false},{"path":"copilot/copilot-custom-prompts/Summarize.md","size":307,"isDir":false},{"path":"copilot/copilot-custom-prompts/Translate to Chinese.md","size":369,"isDir":false}]],"type":"debug","level":4,"tag":""}

{"date":"2025-12-05T15:05:33.793Z","args":[{"reason":"local file exists without a remote file","remotePath":"/黄宁的Obsidian2025.12.5/医学免疫学 (曹雪涛) (Z-Library).pdf","localPath":"医学免疫学 (曹雪涛) (Z-Library).pdf","conditions":{"recordExists":false,"remoteExists":false,"localExists":true}}],"type":"debug","level":4,"tag":""}

{"date":"2025-12-05T15:06:48.652Z","args":["local Stats",[{"path":"2025-11-25 光电子选修.md","size":761,"isDir":false},{"path":"2025-11-28.md","size":428,"isDir":false},{"path":"2025-11-29.md","size":192,"isDir":false},{"path":"2025-11-30.md","size":0,"isDir":false},{"path":"2025-10-18.md","size":35,"isDir":false},{"path":"2025-11-29 2.md","size":736,"isDir":false},{"path":"2025-12-02.md","size":821,"isDir":false},{"path":"4fbefc405337a64aec5d8516d404f12f.jpg","size":131552,"isDir":false},{"path":"医学免疫学 (曹雪涛) (Z-Library) - 快捷方式.lnk","size":1326,"isDir":false},{"path":"医学免疫学 (曹雪涛) (Z-Library).pdf","size":37572902,"isDir":false},{"path":"2025-12-04.md","size":90,"isDir":false},{"path":"微信图片_20240902223827.jpg","size":92572,"isDir":false},{"path":"未命名 1.md","size":0,"isDir":false},{"path":"未命名 2.md","size":0,"isDir":false},{"path":"未命名.base","size":40,"isDir":false},{"path":"未命名.md","size":0,"isDir":false},{"path":"欢迎.md","size":856,"isDir":false},{"path":"OneNote","isDir":true},{"path":"copilot","isDir":true},{"path":"Doc","isDir":true},{"path":"copilot/copilot-custom-prompts","isDir":true},{"path":"copilot/copilot-custom-prompts/Emojify.md","size":470,"isDir":false},{"path":"copilot/copilot-custom-prompts/Explain like I am 5.md","size":388,"isDir":false},{"path":"copilot/copilot-custom-prompts/Fix grammar and spelling.md","size":350,"isDir":false},{"path":"copilot/copilot-custom-prompts/Generate glossary.md","size":353,"isDir":false},{"path":"copilot/copilot-custom-prompts/Generate table of contents.md","size":357,"isDir":false},{"path":"copilot/copilot-custom-prompts/Make longer.md","size":379,"isDir":false},{"path":"copilot/copilot-custom-prompts/Make shorter.md","size":373,"isDir":false},{"path":"copilot/copilot-custom-prompts/Remove URLs.md","size":347,"isDir":false},{"path":"copilot/copilot-custom-prompts/Rewrite as tweet thread.md","size":500,"isDir":false},{"path":"copilot/copilot-custom-prompts/Rewrite as tweet.md","size":376,"isDir":false},{"path":"copilot/copilot-custom-prompts/Simplify.md","size":370,"isDir":false},{"path":"copilot/copilot-custom-prompts/Summarize.md","size":307,"isDir":false},{"path":"copilot/copilot-custom-prompts/Translate to Chinese.md","size":369,"isDir":false}]],"type":"debug","level":4,"tag":""}

{"date":"2025-12-05T15:06:48.652Z","args":["remote Stats",[{"path":"OneNote","isDir":true},{"path":"copilot","isDir":true},{"path":"Doc","isDir":true},{"path":"copilot/copilot-custom-prompts","isDir":true},{"path":"2025-11-25 光电子选修.md","size":761,"isDir":false},{"path":"2025-11-28.md","size":428,"isDir":false},{"path":"2025-11-29.md","size":192,"isDir":false},{"path":"2025-11-30.md","size":0,"isDir":false},{"path":"2025-10-18.md","size":35,"isDir":false},{"path":"2025-11-29 2.md","size":736,"isDir":false},{"path":"2025-12-02.md","size":821,"isDir":false},{"path":"4fbefc405337a64aec5d8516d404f12f.jpg","size":131552,"isDir":false},{"path":"医学免疫学 (曹雪涛) (Z-Library) - 快捷方式.lnk","size":1326,"isDir":false},{"path":"2025-12-04.md","size":90,"isDir":false},{"path":"微信图片_20240902223827.jpg","size":92572,"isDir":false},{"path":"未命名 1.md","size":0,"isDir":false},{"path":"未命名 2.md","size":0,"isDir":false},{"path":"未命名.base","size":40,"isDir":false},{"path":"未命名.md","size":0,"isDir":false},{"path":"欢迎.md","size":856,"isDir":false},{"path":"copilot/copilot-custom-prompts/Emojify.md","size":470,"isDir":false},{"path":"copilot/copilot-custom-prompts/Explain like I am 5.md","size":388,"isDir":false},{"path":"copilot/copilot-custom-prompts/Fix grammar and spelling.md","size":350,"isDir":false},{"path":"copilot/copilot-custom-prompts/Generate glossary.md","size":353,"isDir":false},{"path":"copilot/copilot-custom-prompts/Generate table of contents.md","size":357,"isDir":false},{"path":"copilot/copilot-custom-prompts/Make longer.md","size":379,"isDir":false},{"path":"copilot/copilot-custom-prompts/Make shorter.md","size":373,"isDir":false},{"path":"copilot/copilot-custom-prompts/Remove URLs.md","size":347,"isDir":false},{"path":"copilot/copilot-custom-prompts/Rewrite as tweet thread.md","size":500,"isDir":false},{"path":"copilot/copilot-custom-prompts/Rewrite as tweet.md","size":376,"isDir":false},{"path":"copilot/copilot-custom-prompts/Simplify.md","size":370,"isDir":false},{"path":"copilot/copilot-custom-prompts/Summarize.md","size":307,"isDir":false},{"path":"copilot/copilot-custom-prompts/Translate to Chinese.md","size":369,"isDir":false}]],"type":"debug","level":4,"tag":""}

{"date":"2025-12-05T15:06:48.652Z","args":[{"reason":"local file exists without a remote file","remotePath":"/黄宁的Obsidian2025.12.5/医学免疫学 (曹雪涛) (Z-Library).pdf","localPath":"医学免疫学 (曹雪涛) (Z-Library).pdf","conditions":{"recordExists":false,"remoteExists":false,"localExists":true}}],"type":"debug","level":4,"tag":""}

{"date":"2025-12-05T15:07:54.922Z","args":["local Stats",[{"path":"2025-11-25 光电子选修.md","size":761,"isDir":false},{"path":"2025-11-28.md","size":428,"isDir":false},{"path":"2025-11-29.md","size":192,"isDir":false},{"path":"2025-11-30.md","size":0,"isDir":false},{"path":"2025-10-18.md","size":35,"isDir":false},{"path":"2025-11-29 2.md","size":736,"isDir":false},{"path":"2025-12-02.md","size":821,"isDir":false},{"path":"4fbefc405337a64aec5d8516d404f12f.jpg","size":131552,"isDir":false},{"path":"医学免疫学 (曹雪涛) (Z-Library) - 快捷方式.lnk","size":1326,"isDir":false},{"path":"医学免疫学 (曹雪涛) (Z-Library).pdf","size":37572902,"isDir":false},{"path":"2025-12-04.md","size":90,"isDir":false},{"path":"微信图片_20240902223827.jpg","size":92572,"isDir":false},{"path":"未命名 1.md","size":0,"isDir":false},{"path":"未命名 2.md","size":0,"isDir":false},{"path":"未命名.base","size":40,"isDir":false},{"path":"未命名.md","size":0,"isDir":false},{"path":"欢迎.md","size":856,"isDir":false},{"path":"OneNote","isDir":true},{"path":"copilot","isDir":true},{"path":"Doc","isDir":true},{"path":"copilot/copilot-custom-prompts","isDir":true},{"path":"copilot/copilot-custom-prompts/Emojify.md","size":470,"isDir":false},{"path":"copilot/copilot-custom-prompts/Explain like I am 5.md","size":388,"isDir":false},{"path":"copilot/copilot-custom-prompts/Fix grammar and spelling.md","size":350,"isDir":false},{"path":"copilot/copilot-custom-prompts/Generate glossary.md","size":353,"isDir":false},{"path":"copilot/copilot-custom-prompts/Generate table of contents.md","size":357,"isDir":false},{"path":"copilot/copilot-custom-prompts/Make longer.md","size":379,"isDir":false},{"path":"copilot/copilot-custom-prompts/Make shorter.md","size":373,"isDir":false},{"path":"copilot/copilot-custom-prompts/Remove URLs.md","size":347,"isDir":false},{"path":"copilot/copilot-custom-prompts/Rewrite as tweet thread.md","size":500,"isDir":false},{"path":"copilot/copilot-custom-prompts/Rewrite as tweet.md","size":376,"isDir":false},{"path":"copilot/copilot-custom-prompts/Simplify.md","size":370,"isDir":false},{"path":"copilot/copilot-custom-prompts/Summarize.md","size":307,"isDir":false},{"path":"copilot/copilot-custom-prompts/Translate to Chinese.md","size":369,"isDir":false}]],"type":"debug","level":4,"tag":""}

{"date":"2025-12-05T15:07:54.922Z","args":["remote Stats",[{"path":"OneNote","isDir":true},{"path":"copilot","isDir":true},{"path":"Doc","isDir":true},{"path":"copilot/copilot-custom-prompts","isDir":true},{"path":"2025-11-25 光电子选修.md","size":761,"isDir":false},{"path":"2025-11-28.md","size":428,"isDir":false},{"path":"2025-11-29.md","size":192,"isDir":false},{"path":"2025-11-30.md","size":0,"isDir":false},{"path":"2025-10-18.md","size":35,"isDir":false},{"path":"2025-11-29 2.md","size":736,"isDir":false},{"path":"2025-12-02.md","size":821,"isDir":false},{"path":"4fbefc405337a64aec5d8516d404f12f.jpg","size":131552,"isDir":false},{"path":"医学免疫学 (曹雪涛) (Z-Library) - 快捷方式.lnk","size":1326,"isDir":false},{"path":"2025-12-04.md","size":90,"isDir":false},{"path":"微信图片_20240902223827.jpg","size":92572,"isDir":false},{"path":"未命名 1.md","size":0,"isDir":false},{"path":"未命名 2.md","size":0,"isDir":false},{"path":"未命名.base","size":40,"isDir":false},{"path":"未命名.md","size":0,"isDir":false},{"path":"欢迎.md","size":856,"isDir":false},{"path":"copilot/copilot-custom-prompts/Emojify.md","size":470,"isDir":false},{"path":"copilot/copilot-custom-prompts/Explain like I am 5.md","size":388,"isDir":false},{"path":"copilot/copilot-custom-prompts/Fix grammar and spelling.md","size":350,"isDir":false},{"path":"copilot/copilot-custom-prompts/Generate glossary.md","size":353,"isDir":false},{"path":"copilot/copilot-custom-prompts/Generate table of contents.md","size":357,"isDir":false},{"path":"copilot/copilot-custom-prompts/Make longer.md","size":379,"isDir":false},{"path":"copilot/copilot-custom-prompts/Make shorter.md","size":373,"isDir":false},{"path":"copilot/copilot-custom-prompts/Remove URLs.md","size":347,"isDir":false},{"path":"copilot/copilot-custom-prompts/Rewrite as tweet thread.md","size":500,"isDir":false},{"path":"copilot/copilot-custom-prompts/Rewrite as tweet.md","size":376,"isDir":false},{"path":"copilot/copilot-custom-prompts/Simplify.md","size":370,"isDir":false},{"path":"copilot/copilot-custom-prompts/Summarize.md","size":307,"isDir":false},{"path":"copilot/copilot-custom-prompts/Translate to Chinese.md","size":369,"isDir":false}]],"type":"debug","level":4,"tag":""}

{"date":"2025-12-05T15:07:54.922Z","args":[{"reason":"local file exists without a remote file","remotePath":"/黄宁的Obsidian2025.12.5/医学免疫学 (曹雪涛) (Z-Library).pdf","localPath":"医学免疫学 (曹雪涛) (Z-Library).pdf","conditions":{"recordExists":false,"remoteExists":false,"localExists":true}}],"type":"debug","level":4,"tag":""}

{"date":"2025-12-05T15:08:54.932Z","args":["local Stats",[{"path":"2025-11-25 光电子选修.md","size":761,"isDir":false},{"path":"2025-11-28.md","size":428,"isDir":false},{"path":"2025-11-29.md","size":192,"isDir":false},{"path":"2025-11-30.md","size":0,"isDir":false},{"path":"2025-10-18.md","size":35,"isDir":false},{"path":"2025-11-29 2.md","size":736,"isDir":false},{"path":"2025-12-02.md","size":821,"isDir":false},{"path":"4fbefc405337a64aec5d8516d404f12f.jpg","size":131552,"isDir":false},{"path":"医学免疫学 (曹雪涛) (Z-Library) - 快捷方式.lnk","size":1326,"isDir":false},{"path":"医学免疫学 (曹雪涛) (Z-Library).pdf","size":37572902,"isDir":false},{"path":"2025-12-04.md","size":90,"isDir":false},{"path":"微信图片_20240902223827.jpg","size":92572,"isDir":false},{"path":"未命名 1.md","size":0,"isDir":false},{"path":"未命名 2.md","size":0,"isDir":false},{"path":"未命名.base","size":40,"isDir":false},{"path":"未命名.md","size":0,"isDir":false},{"path":"欢迎.md","size":856,"isDir":false},{"path":"OneNote","isDir":true},{"path":"copilot","isDir":true},{"path":"Doc","isDir":true},{"path":"copilot/copilot-custom-prompts","isDir":true},{"path":"copilot/copilot-custom-prompts/Emojify.md","size":470,"isDir":false},{"path":"copilot/copilot-custom-prompts/Explain like I am 5.md","size":388,"isDir":false},{"path":"copilot/copilot-custom-prompts/Fix grammar and spelling.md","size":350,"isDir":false},{"path":"copilot/copilot-custom-prompts/Generate glossary.md","size":353,"isDir":false},{"path":"copilot/copilot-custom-prompts/Generate table of contents.md","size":357,"isDir":false},{"path":"copilot/copilot-custom-prompts/Make longer.md","size":379,"isDir":false},{"path":"copilot/copilot-custom-prompts/Make shorter.md","size":373,"isDir":false},{"path":"copilot/copilot-custom-prompts/Remove URLs.md","size":347,"isDir":false},{"path":"copilot/copilot-custom-prompts/Rewrite as tweet thread.md","size":500,"isDir":false},{"path":"copilot/copilot-custom-prompts/Rewrite as tweet.md","size":376,"isDir":false},{"path":"copilot/copilot-custom-prompts/Simplify.md","size":370,"isDir":false},{"path":"copilot/copilot-custom-prompts/Summarize.md","size":307,"isDir":false},{"path":"copilot/copilot-custom-prompts/Translate to Chinese.md","size":369,"isDir":false}]],"type":"debug","level":4,"tag":""}

{"date":"2025-12-05T15:08:54.932Z","args":["remote Stats",[{"path":"OneNote","isDir":true},{"path":"copilot","isDir":true},{"path":"Doc","isDir":true},{"path":"copilot/copilot-custom-prompts","isDir":true},{"path":"2025-11-25 光电子选修.md","size":761,"isDir":false},{"path":"2025-11-28.md","size":428,"isDir":false},{"path":"2025-11-29.md","size":192,"isDir":false},{"path":"2025-11-30.md","size":0,"isDir":false},{"path":"2025-10-18.md","size":35,"isDir":false},{"path":"2025-11-29 2.md","size":736,"isDir":false},{"path":"2025-12-02.md","size":821,"isDir":false},{"path":"4fbefc405337a64aec5d8516d404f12f.jpg","size":131552,"isDir":false},{"path":"医学免疫学 (曹雪涛) (Z-Library) - 快捷方式.lnk","size":1326,"isDir":false},{"path":"2025-12-04.md","size":90,"isDir":false},{"path":"微信图片_20240902223827.jpg","size":92572,"isDir":false},{"path":"未命名 1.md","size":0,"isDir":false},{"path":"未命名 2.md","size":0,"isDir":false},{"path":"未命名.base","size":40,"isDir":false},{"path":"未命名.md","size":0,"isDir":false},{"path":"欢迎.md","size":856,"isDir":false},{"path":"copilot/copilot-custom-prompts/Emojify.md","size":470,"isDir":false},{"path":"copilot/copilot-custom-prompts/Explain like I am 5.md","size":388,"isDir":false},{"path":"copilot/copilot-custom-prompts/Fix grammar and spelling.md","size":350,"isDir":false},{"path":"copilot/copilot-custom-prompts/Generate glossary.md","size":353,"isDir":false},{"path":"copilot/copilot-custom-prompts/Generate table of contents.md","size":357,"isDir":false},{"path":"copilot/copilot-custom-prompts/Make longer.md","size":379,"isDir":false},{"path":"copilot/copilot-custom-prompts/Make shorter.md","size":373,"isDir":false},{"path":"copilot/copilot-custom-prompts/Remove URLs.md","size":347,"isDir":false},{"path":"copilot/copilot-custom-prompts/Rewrite as tweet thread.md","size":500,"isDir":false},{"path":"copilot/copilot-custom-prompts/Rewrite as tweet.md","size":376,"isDir":false},{"path":"copilot/copilot-custom-prompts/Simplify.md","size":370,"isDir":false},{"path":"copilot/copilot-custom-prompts/Summarize.md","size":307,"isDir":false},{"path":"copilot/copilot-custom-prompts/Translate to Chinese.md","size":369,"isDir":false}]],"type":"debug","level":4,"tag":""}

{"date":"2025-12-05T15:08:54.932Z","args":[{"reason":"local file exists without a remote file","remotePath":"/黄宁的Obsidian2025.12.5/医学免疫学 (曹雪涛) (Z-Library).pdf","localPath":"医学免疫学 (曹雪涛) (Z-Library).pdf","conditions":{"recordExists":false,"remoteExists":false,"localExists":true}}],"type":"debug","level":4,"tag":""}

{"date":"2025-12-05T15:09:54.615Z","args":["local Stats",[{"path":"2025-11-25 光电子选修.md","size":761,"isDir":false},{"path":"2025-11-28.md","size":428,"isDir":false},{"path":"2025-11-29.md","size":192,"isDir":false},{"path":"2025-11-30.md","size":0,"isDir":false},{"path":"2025-10-18.md","size":35,"isDir":false},{"path":"2025-11-29 2.md","size":736,"isDir":false},{"path":"2025-12-02.md","size":821,"isDir":false},{"path":"4fbefc405337a64aec5d8516d404f12f.jpg","size":131552,"isDir":false},{"path":"医学免疫学 (曹雪涛) (Z-Library) - 快捷方式.lnk","size":1326,"isDir":false},{"path":"医学免疫学 (曹雪涛) (Z-Library).pdf","size":37572902,"isDir":false},{"path":"2025-12-04.md","size":90,"isDir":false},{"path":"微信图片_20240902223827.jpg","size":92572,"isDir":false},{"path":"未命名 1.md","size":0,"isDir":false},{"path":"未命名 2.md","size":0,"isDir":false},{"path":"未命名.base","size":40,"isDir":false},{"path":"未命名.md","size":0,"isDir":false},{"path":"欢迎.md","size":856,"isDir":false},{"path":"OneNote","isDir":true},{"path":"copilot","isDir":true},{"path":"Doc","isDir":true},{"path":"copilot/copilot-custom-prompts","isDir":true},{"path":"copilot/copilot-custom-prompts/Emojify.md","size":470,"isDir":false},{"path":"copilot/copilot-custom-prompts/Explain like I am 5.md","size":388,"isDir":false},{"path":"copilot/copilot-custom-prompts/Fix grammar and spelling.md","size":350,"isDir":false},{"path":"copilot/copilot-custom-prompts/Generate glossary.md","size":353,"isDir":false},{"path":"copilot/copilot-custom-prompts/Generate table of contents.md","size":357,"isDir":false},{"path":"copilot/copilot-custom-prompts/Make longer.md","size":379,"isDir":false},{"path":"copilot/copilot-custom-prompts/Make shorter.md","size":373,"isDir":false},{"path":"copilot/copilot-custom-prompts/Remove URLs.md","size":347,"isDir":false},{"path":"copilot/copilot-custom-prompts/Rewrite as tweet thread.md","size":500,"isDir":false},{"path":"copilot/copilot-custom-prompts/Rewrite as tweet.md","size":376,"isDir":false},{"path":"copilot/copilot-custom-prompts/Simplify.md","size":370,"isDir":false},{"path":"copilot/copilot-custom-prompts/Summarize.md","size":307,"isDir":false},{"path":"copilot/copilot-custom-prompts/Translate to Chinese.md","size":369,"isDir":false}]],"type":"debug","level":4,"tag":""}

{"date":"2025-12-05T15:09:54.616Z","args":["remote Stats",[{"path":"OneNote","isDir":true},{"path":"copilot","isDir":true},{"path":"Doc","isDir":true},{"path":"copilot/copilot-custom-prompts","isDir":true},{"path":"2025-11-25 光电子选修.md","size":761,"isDir":false},{"path":"2025-11-28.md","size":428,"isDir":false},{"path":"2025-11-29.md","size":192,"isDir":false},{"path":"2025-11-30.md","size":0,"isDir":false},{"path":"2025-10-18.md","size":35,"isDir":false},{"path":"2025-11-29 2.md","size":736,"isDir":false},{"path":"2025-12-02.md","size":821,"isDir":false},{"path":"4fbefc405337a64aec5d8516d404f12f.jpg","size":131552,"isDir":false},{"path":"医学免疫学 (曹雪涛) (Z-Library) - 快捷方式.lnk","size":1326,"isDir":false},{"path":"2025-12-04.md","size":90,"isDir":false},{"path":"微信图片_20240902223827.jpg","size":92572,"isDir":false},{"path":"未命名 1.md","size":0,"isDir":false},{"path":"未命名 2.md","size":0,"isDir":false},{"path":"未命名.base","size":40,"isDir":false},{"path":"未命名.md","size":0,"isDir":false},{"path":"欢迎.md","size":856,"isDir":false},{"path":"copilot/copilot-custom-prompts/Emojify.md","size":470,"isDir":false},{"path":"copilot/copilot-custom-prompts/Explain like I am 5.md","size":388,"isDir":false},{"path":"copilot/copilot-custom-prompts/Fix grammar and spelling.md","size":350,"isDir":false},{"path":"copilot/copilot-custom-prompts/Generate glossary.md","size":353,"isDir":false},{"path":"copilot/copilot-custom-prompts/Generate table of contents.md","size":357,"isDir":false},{"path":"copilot/copilot-custom-prompts/Make longer.md","size":379,"isDir":false},{"path":"copilot/copilot-custom-prompts/Make shorter.md","size":373,"isDir":false},{"path":"copilot/copilot-custom-prompts/Remove URLs.md","size":347,"isDir":false},{"path":"copilot/copilot-custom-prompts/Rewrite as tweet thread.md","size":500,"isDir":false},{"path":"copilot/copilot-custom-prompts/Rewrite as tweet.md","size":376,"isDir":false},{"path":"copilot/copilot-custom-prompts/Simplify.md","size":370,"isDir":false},{"path":"copilot/copilot-custom-prompts/Summarize.md","size":307,"isDir":false},{"path":"copilot/copilot-custom-prompts/Translate to Chinese.md","size":369,"isDir":false}]],"type":"debug","level":4,"tag":""}

{"date":"2025-12-05T15:09:54.616Z","args":[{"reason":"local file exists without a remote file","remotePath":"/黄宁的Obsidian2025.12.5/医学免疫学 (曹雪涛) (Z-Library).pdf","localPath":"医学免疫学 (曹雪涛) (Z-Library).pdf","conditions":{"recordExists":false,"remoteExists":false,"localExists":true}}],"type":"debug","level":4,"tag":""}

{"date":"2025-12-05T15:10:54.654Z","args":["local Stats",[{"path":"2025-11-25 光电子选修.md","size":761,"isDir":false},{"path":"2025-11-28.md","size":428,"isDir":false},{"path":"2025-11-29.md","size":192,"isDir":false},{"path":"2025-11-30.md","size":0,"isDir":false},{"path":"2025-10-18.md","size":35,"isDir":false},{"path":"2025-11-29 2.md","size":736,"isDir":false},{"path":"2025-12-02.md","size":821,"isDir":false},{"path":"4fbefc405337a64aec5d8516d404f12f.jpg","size":131552,"isDir":false},{"path":"医学免疫学 (曹雪涛) (Z-Library) - 快捷方式.lnk","size":1326,"isDir":false},{"path":"医学免疫学 (曹雪涛) (Z-Library).pdf","size":37572902,"isDir":false},{"path":"2025-12-04.md","size":90,"isDir":false},{"path":"微信图片_20240902223827.jpg","size":92572,"isDir":false},{"path":"未命名 1.md","size":0,"isDir":false},{"path":"未命名 2.md","size":0,"isDir":false},{"path":"未命名.base","size":40,"isDir":false},{"path":"未命名.md","size":0,"isDir":false},{"path":"欢迎.md","size":856,"isDir":false},{"path":"OneNote","isDir":true},{"path":"copilot","isDir":true},{"path":"Doc","isDir":true},{"path":"copilot/copilot-custom-prompts","isDir":true},{"path":"copilot/copilot-custom-prompts/Emojify.md","size":470,"isDir":false},{"path":"copilot/copilot-custom-prompts/Explain like I am 5.md","size":388,"isDir":false},{"path":"copilot/copilot-custom-prompts/Fix grammar and spelling.md","size":350,"isDir":false},{"path":"copilot/copilot-custom-prompts/Generate glossary.md","size":353,"isDir":false},{"path":"copilot/copilot-custom-prompts/Generate table of contents.md","size":357,"isDir":false},{"path":"copilot/copilot-custom-prompts/Make longer.md","size":379,"isDir":false},{"path":"copilot/copilot-custom-prompts/Make shorter.md","size":373,"isDir":false},{"path":"copilot/copilot-custom-prompts/Remove URLs.md","size":347,"isDir":false},{"path":"copilot/copilot-custom-prompts/Rewrite as tweet thread.md","size":500,"isDir":false},{"path":"copilot/copilot-custom-prompts/Rewrite as tweet.md","size":376,"isDir":false},{"path":"copilot/copilot-custom-prompts/Simplify.md","size":370,"isDir":false},{"path":"copilot/copilot-custom-prompts/Summarize.md","size":307,"isDir":false},{"path":"copilot/copilot-custom-prompts/Translate to Chinese.md","size":369,"isDir":false}]],"type":"debug","level":4,"tag":""}

{"date":"2025-12-05T15:10:54.654Z","args":["remote Stats",[{"path":"OneNote","isDir":true},{"path":"copilot","isDir":true},{"path":"Doc","isDir":true},{"path":"copilot/copilot-custom-prompts","isDir":true},{"path":"2025-11-25 光电子选修.md","size":761,"isDir":false},{"path":"2025-11-28.md","size":428,"isDir":false},{"path":"2025-11-29.md","size":192,"isDir":false},{"path":"2025-11-30.md","size":0,"isDir":false},{"path":"2025-10-18.md","size":35,"isDir":false},{"path":"2025-11-29 2.md","size":736,"isDir":false},{"path":"2025-12-02.md","size":821,"isDir":false},{"path":"4fbefc405337a64aec5d8516d404f12f.jpg","size":131552,"isDir":false},{"path":"医学免疫学 (曹雪涛) (Z-Library) - 快捷方式.lnk","size":1326,"isDir":false},{"path":"2025-12-04.md","size":90,"isDir":false},{"path":"微信图片_20240902223827.jpg","size":92572,"isDir":false},{"path":"未命名 1.md","size":0,"isDir":false},{"path":"未命名 2.md","size":0,"isDir":false},{"path":"未命名.base","size":40,"isDir":false},{"path":"未命名.md","size":0,"isDir":false},{"path":"欢迎.md","size":856,"isDir":false},{"path":"copilot/copilot-custom-prompts/Emojify.md","size":470,"isDir":false},{"path":"copilot/copilot-custom-prompts/Explain like I am 5.md","size":388,"isDir":false},{"path":"copilot/copilot-custom-prompts/Fix grammar and spelling.md","size":350,"isDir":false},{"path":"copilot/copilot-custom-prompts/Generate glossary.md","size":353,"isDir":false},{"path":"copilot/copilot-custom-prompts/Generate table of contents.md","size":357,"isDir":false},{"path":"copilot/copilot-custom-prompts/Make longer.md","size":379,"isDir":false},{"path":"copilot/copilot-custom-prompts/Make shorter.md","size":373,"isDir":false},{"path":"copilot/copilot-custom-prompts/Remove URLs.md","size":347,"isDir":false},{"path":"copilot/copilot-custom-prompts/Rewrite as tweet thread.md","size":500,"isDir":false},{"path":"copilot/copilot-custom-prompts/Rewrite as tweet.md","size":376,"isDir":false},{"path":"copilot/copilot-custom-prompts/Simplify.md","size":370,"isDir":false},{"path":"copilot/copilot-custom-prompts/Summarize.md","size":307,"isDir":false},{"path":"copilot/copilot-custom-prompts/Translate to Chinese.md","size":369,"isDir":false}]],"type":"debug","level":4,"tag":""}

{"date":"2025-12-05T15:10:54.654Z","args":[{"reason":"local file exists without a remote file","remotePath":"/黄宁的Obsidian2025.12.5/医学免疫学 (曹雪涛) (Z-Library).pdf","localPath":"医学免疫学 (曹雪涛) (Z-Library).pdf","conditions":{"recordExists":false,"remoteExists":false,"localExists":true}}],"type":"debug","level":4,"tag":""}

{"date":"2025-12-05T15:11:54.955Z","args":["local Stats",[{"path":"2025-11-25 光电子选修.md","size":761,"isDir":false},{"path":"2025-11-28.md","size":428,"isDir":false},{"path":"2025-11-29.md","size":192,"isDir":false},{"path":"2025-11-30.md","size":0,"isDir":false},{"path":"2025-10-18.md","size":35,"isDir":false},{"path":"2025-11-29 2.md","size":736,"isDir":false},{"path":"2025-12-02.md","size":821,"isDir":false},{"path":"4fbefc405337a64aec5d8516d404f12f.jpg","size":131552,"isDir":false},{"path":"医学免疫学 (曹雪涛) (Z-Library) - 快捷方式.lnk","size":1326,"isDir":false},{"path":"医学免疫学 (曹雪涛) (Z-Library).pdf","size":37572902,"isDir":false},{"path":"2025-12-04.md","size":90,"isDir":false},{"path":"微信图片_20240902223827.jpg","size":92572,"isDir":false},{"path":"未命名 1.md","size":0,"isDir":false},{"path":"未命名 2.md","size":0,"isDir":false},{"path":"未命名.base","size":40,"isDir":false},{"path":"未命名.md","size":0,"isDir":false},{"path":"欢迎.md","size":856,"isDir":false},{"path":"OneNote","isDir":true},{"path":"copilot","isDir":true},{"path":"Doc","isDir":true},{"path":"copilot/copilot-custom-prompts","isDir":true},{"path":"copilot/copilot-custom-prompts/Emojify.md","size":470,"isDir":false},{"path":"copilot/copilot-custom-prompts/Explain like I am 5.md","size":388,"isDir":false},{"path":"copilot/copilot-custom-prompts/Fix grammar and spelling.md","size":350,"isDir":false},{"path":"copilot/copilot-custom-prompts/Generate glossary.md","size":353,"isDir":false},{"path":"copilot/copilot-custom-prompts/Generate table of contents.md","size":357,"isDir":false},{"path":"copilot/copilot-custom-prompts/Make longer.md","size":379,"isDir":false},{"path":"copilot/copilot-custom-prompts/Make shorter.md","size":373,"isDir":false},{"path":"copilot/copilot-custom-prompts/Remove URLs.md","size":347,"isDir":false},{"path":"copilot/copilot-custom-prompts/Rewrite as tweet thread.md","size":500,"isDir":false},{"path":"copilot/copilot-custom-prompts/Rewrite as tweet.md","size":376,"isDir":false},{"path":"copilot/copilot-custom-prompts/Simplify.md","size":370,"isDir":false},{"path":"copilot/copilot-custom-prompts/Summarize.md","size":307,"isDir":false},{"path":"copilot/copilot-custom-prompts/Translate to Chinese.md","size":369,"isDir":false}]],"type":"debug","level":4,"tag":""}

{"date":"2025-12-05T15:11:54.955Z","args":["remote Stats",[{"path":"OneNote","isDir":true},{"path":"copilot","isDir":true},{"path":"Doc","isDir":true},{"path":"copilot/copilot-custom-prompts","isDir":true},{"path":"2025-11-25 光电子选修.md","size":761,"isDir":false},{"path":"2025-11-28.md","size":428,"isDir":false},{"path":"2025-11-29.md","size":192,"isDir":false},{"path":"2025-11-30.md","size":0,"isDir":false},{"path":"2025-10-18.md","size":35,"isDir":false},{"path":"2025-11-29 2.md","size":736,"isDir":false},{"path":"2025-12-02.md","size":821,"isDir":false},{"path":"4fbefc405337a64aec5d8516d404f12f.jpg","size":131552,"isDir":false},{"path":"医学免疫学 (曹雪涛) (Z-Library) - 快捷方式.lnk","size":1326,"isDir":false},{"path":"2025-12-04.md","size":90,"isDir":false},{"path":"微信图片_20240902223827.jpg","size":92572,"isDir":false},{"path":"未命名 1.md","size":0,"isDir":false},{"path":"未命名 2.md","size":0,"isDir":false},{"path":"未命名.base","size":40,"isDir":false},{"path":"未命名.md","size":0,"isDir":false},{"path":"欢迎.md","size":856,"isDir":false},{"path":"copilot/copilot-custom-prompts/Emojify.md","size":470,"isDir":false},{"path":"copilot/copilot-custom-prompts/Explain like I am 5.md","size":388,"isDir":false},{"path":"copilot/copilot-custom-prompts/Fix grammar and spelling.md","size":350,"isDir":false},{"path":"copilot/copilot-custom-prompts/Generate glossary.md","size":353,"isDir":false},{"path":"copilot/copilot-custom-prompts/Generate table of contents.md","size":357,"isDir":false},{"path":"copilot/copilot-custom-prompts/Make longer.md","size":379,"isDir":false},{"path":"copilot/copilot-custom-prompts/Make shorter.md","size":373,"isDir":false},{"path":"copilot/copilot-custom-prompts/Remove URLs.md","size":347,"isDir":false},{"path":"copilot/copilot-custom-prompts/Rewrite as tweet thread.md","size":500,"isDir":false},{"path":"copilot/copilot-custom-prompts/Rewrite as tweet.md","size":376,"isDir":false},{"path":"copilot/copilot-custom-prompts/Simplify.md","size":370,"isDir":false},{"path":"copilot/copilot-custom-prompts/Summarize.md","size":307,"isDir":false},{"path":"copilot/copilot-custom-prompts/Translate to Chinese.md","size":369,"isDir":false}]],"type":"debug","level":4,"tag":""}

{"date":"2025-12-05T15:11:54.955Z","args":[{"reason":"local file exists without a remote file","remotePath":"/黄宁的Obsidian2025.12.5/医学免疫学 (曹雪涛) (Z-Library).pdf","localPath":"医学免疫学 (曹雪涛) (Z-Library).pdf","conditions":{"recordExists":false,"remoteExists":false,"localExists":true}}],"type":"debug","level":4,"tag":""}

{"date":"2025-12-05T15:12:54.712Z","args":["local Stats",[{"path":"2025-11-25 光电子选修.md","size":761,"isDir":false},{"path":"2025-11-28.md","size":428,"isDir":false},{"path":"2025-11-29.md","size":192,"isDir":false},{"path":"2025-11-30.md","size":0,"isDir":false},{"path":"2025-10-18.md","size":35,"isDir":false},{"path":"2025-11-29 2.md","size":736,"isDir":false},{"path":"2025-12-02.md","size":821,"isDir":false},{"path":"4fbefc405337a64aec5d8516d404f12f.jpg","size":131552,"isDir":false},{"path":"医学免疫学 (曹雪涛) (Z-Library) - 快捷方式.lnk","size":1326,"isDir":false},{"path":"医学免疫学 (曹雪涛) (Z-Library).pdf","size":37572902,"isDir":false},{"path":"2025-12-04.md","size":90,"isDir":false},{"path":"微信图片_20240902223827.jpg","size":92572,"isDir":false},{"path":"未命名 1.md","size":0,"isDir":false},{"path":"未命名 2.md","size":0,"isDir":false},{"path":"未命名.base","size":40,"isDir":false},{"path":"未命名.md","size":0,"isDir":false},{"path":"欢迎.md","size":856,"isDir":false},{"path":"OneNote","isDir":true},{"path":"copilot","isDir":true},{"path":"Doc","isDir":true},{"path":"copilot/copilot-custom-prompts","isDir":true},{"path":"copilot/copilot-custom-prompts/Emojify.md","size":470,"isDir":false},{"path":"copilot/copilot-custom-prompts/Explain like I am 5.md","size":388,"isDir":false},{"path":"copilot/copilot-custom-prompts/Fix grammar and spelling.md","size":350,"isDir":false},{"path":"copilot/copilot-custom-prompts/Generate glossary.md","size":353,"isDir":false},{"path":"copilot/copilot-custom-prompts/Generate table of contents.md","size":357,"isDir":false},{"path":"copilot/copilot-custom-prompts/Make longer.md","size":379,"isDir":false},{"path":"copilot/copilot-custom-prompts/Make shorter.md","size":373,"isDir":false},{"path":"copilot/copilot-custom-prompts/Remove URLs.md","size":347,"isDir":false},{"path":"copilot/copilot-custom-prompts/Rewrite as tweet thread.md","size":500,"isDir":false},{"path":"copilot/copilot-custom-prompts/Rewrite as tweet.md","size":376,"isDir":false},{"path":"copilot/copilot-custom-prompts/Simplify.md","size":370,"isDir":false},{"path":"copilot/copilot-custom-prompts/Summarize.md","size":307,"isDir":false},{"path":"copilot/copilot-custom-prompts/Translate to Chinese.md","size":369,"isDir":false}]],"type":"debug","level":4,"tag":""}

{"date":"2025-12-05T15:12:54.712Z","args":["remote Stats",[{"path":"OneNote","isDir":true},{"path":"copilot","isDir":true},{"path":"Doc","isDir":true},{"path":"copilot/copilot-custom-prompts","isDir":true},{"path":"2025-11-25 光电子选修.md","size":761,"isDir":false},{"path":"2025-11-28.md","size":428,"isDir":false},{"path":"2025-11-29.md","size":192,"isDir":false},{"path":"2025-11-30.md","size":0,"isDir":false},{"path":"2025-10-18.md","size":35,"isDir":false},{"path":"2025-11-29 2.md","size":736,"isDir":false},{"path":"2025-12-02.md","size":821,"isDir":false},{"path":"4fbefc405337a64aec5d8516d404f12f.jpg","size":131552,"isDir":false},{"path":"医学免疫学 (曹雪涛) (Z-Library) - 快捷方式.lnk","size":1326,"isDir":false},{"path":"2025-12-04.md","size":90,"isDir":false},{"path":"微信图片_20240902223827.jpg","size":92572,"isDir":false},{"path":"未命名 1.md","size":0,"isDir":false},{"path":"未命名 2.md","size":0,"isDir":false},{"path":"未命名.base","size":40,"isDir":false},{"path":"未命名.md","size":0,"isDir":false},{"path":"欢迎.md","size":856,"isDir":false},{"path":"copilot/copilot-custom-prompts/Emojify.md","size":470,"isDir":false},{"path":"copilot/copilot-custom-prompts/Explain like I am 5.md","size":388,"isDir":false},{"path":"copilot/copilot-custom-prompts/Fix grammar and spelling.md","size":350,"isDir":false},{"path":"copilot/copilot-custom-prompts/Generate glossary.md","size":353,"isDir":false},{"path":"copilot/copilot-custom-prompts/Generate table of contents.md","size":357,"isDir":false},{"path":"copilot/copilot-custom-prompts/Make longer.md","size":379,"isDir":false},{"path":"copilot/copilot-custom-prompts/Make shorter.md","size":373,"isDir":false},{"path":"copilot/copilot-custom-prompts/Remove URLs.md","size":347,"isDir":false},{"path":"copilot/copilot-custom-prompts/Rewrite as tweet thread.md","size":500,"isDir":false},{"path":"copilot/copilot-custom-prompts/Rewrite as tweet.md","size":376,"isDir":false},{"path":"copilot/copilot-custom-prompts/Simplify.md","size":370,"isDir":false},{"path":"copilot/copilot-custom-prompts/Summarize.md","size":307,"isDir":false},{"path":"copilot/copilot-custom-prompts/Translate to Chinese.md","size":369,"isDir":false}]],"type":"debug","level":4,"tag":""}

{"date":"2025-12-05T15:12:54.712Z","args":[{"reason":"local file exists without a remote file","remotePath":"/黄宁的Obsidian2025.12.5/医学免疫学 (曹雪涛) (Z-Library).pdf","localPath":"医学免疫学 (曹雪涛) (Z-Library).pdf","conditions":{"recordExists":false,"remoteExists":false,"localExists":true}}],"type":"debug","level":4,"tag":""}

{"date":"2025-12-05T15:13:54.625Z","args":["local Stats",[{"path":"2025-11-25 光电子选修.md","size":761,"isDir":false},{"path":"2025-11-28.md","size":428,"isDir":false},{"path":"2025-11-29.md","size":192,"isDir":false},{"path":"2025-11-30.md","size":0,"isDir":false},{"path":"2025-10-18.md","size":35,"isDir":false},{"path":"2025-11-29 2.md","size":736,"isDir":false},{"path":"2025-12-02.md","size":821,"isDir":false},{"path":"4fbefc405337a64aec5d8516d404f12f.jpg","size":131552,"isDir":false},{"path":"医学免疫学 (曹雪涛) (Z-Library) - 快捷方式.lnk","size":1326,"isDir":false},{"path":"医学免疫学 (曹雪涛) (Z-Library).pdf","size":37572902,"isDir":false},{"path":"2025-12-04.md","size":90,"isDir":false},{"path":"微信图片_20240902223827.jpg","size":92572,"isDir":false},{"path":"未命名 1.md","size":0,"isDir":false},{"path":"未命名 2.md","size":0,"isDir":false},{"path":"未命名.base","size":40,"isDir":false},{"path":"未命名.md","size":0,"isDir":false},{"path":"欢迎.md","size":856,"isDir":false},{"path":"OneNote","isDir":true},{"path":"copilot","isDir":true},{"path":"Doc","isDir":true},{"path":"copilot/copilot-custom-prompts","isDir":true},{"path":"copilot/copilot-custom-prompts/Emojify.md","size":470,"isDir":false},{"path":"copilot/copilot-custom-prompts/Explain like I am 5.md","size":388,"isDir":false},{"path":"copilot/copilot-custom-prompts/Fix grammar and spelling.md","size":350,"isDir":false},{"path":"copilot/copilot-custom-prompts/Generate glossary.md","size":353,"isDir":false},{"path":"copilot/copilot-custom-prompts/Generate table of contents.md","size":357,"isDir":false},{"path":"copilot/copilot-custom-prompts/Make longer.md","size":379,"isDir":false},{"path":"copilot/copilot-custom-prompts/Make shorter.md","size":373,"isDir":false},{"path":"copilot/copilot-custom-prompts/Remove URLs.md","size":347,"isDir":false},{"path":"copilot/copilot-custom-prompts/Rewrite as tweet thread.md","size":500,"isDir":false},{"path":"copilot/copilot-custom-prompts/Rewrite as tweet.md","size":376,"isDir":false},{"path":"copilot/copilot-custom-prompts/Simplify.md","size":370,"isDir":false},{"path":"copilot/copilot-custom-prompts/Summarize.md","size":307,"isDir":false},{"path":"copilot/copilot-custom-prompts/Translate to Chinese.md","size":369,"isDir":false}]],"type":"debug","level":4,"tag":""}

{"date":"2025-12-05T15:13:54.625Z","args":["remote Stats",[{"path":"OneNote","isDir":true},{"path":"copilot","isDir":true},{"path":"Doc","isDir":true},{"path":"copilot/copilot-custom-prompts","isDir":true},{"path":"2025-11-25 光电子选修.md","size":761,"isDir":false},{"path":"2025-11-28.md","size":428,"isDir":false},{"path":"2025-11-29.md","size":192,"isDir":false},{"path":"2025-11-30.md","size":0,"isDir":false},{"path":"2025-10-18.md","size":35,"isDir":false},{"path":"2025-11-29 2.md","size":736,"isDir":false},{"path":"2025-12-02.md","size":821,"isDir":false},{"path":"4fbefc405337a64aec5d8516d404f12f.jpg","size":131552,"isDir":false},{"path":"医学免疫学 (曹雪涛) (Z-Library) - 快捷方式.lnk","size":1326,"isDir":false},{"path":"2025-12-04.md","size":90,"isDir":false},{"path":"微信图片_20240902223827.jpg","size":92572,"isDir":false},{"path":"未命名 1.md","size":0,"isDir":false},{"path":"未命名 2.md","size":0,"isDir":false},{"path":"未命名.base","size":40,"isDir":false},{"path":"未命名.md","size":0,"isDir":false},{"path":"欢迎.md","size":856,"isDir":false},{"path":"copilot/copilot-custom-prompts/Emojify.md","size":470,"isDir":false},{"path":"copilot/copilot-custom-prompts/Explain like I am 5.md","size":388,"isDir":false},{"path":"copilot/copilot-custom-prompts/Fix grammar and spelling.md","size":350,"isDir":false},{"path":"copilot/copilot-custom-prompts/Generate glossary.md","size":353,"isDir":false},{"path":"copilot/copilot-custom-prompts/Generate table of contents.md","size":357,"isDir":false},{"path":"copilot/copilot-custom-prompts/Make longer.md","size":379,"isDir":false},{"path":"copilot/copilot-custom-prompts/Make shorter.md","size":373,"isDir":false},{"path":"copilot/copilot-custom-prompts/Remove URLs.md","size":347,"isDir":false},{"path":"copilot/copilot-custom-prompts/Rewrite as tweet thread.md","size":500,"isDir":false},{"path":"copilot/copilot-custom-prompts/Rewrite as tweet.md","size":376,"isDir":false},{"path":"copilot/copilot-custom-prompts/Simplify.md","size":370,"isDir":false},{"path":"copilot/copilot-custom-prompts/Summarize.md","size":307,"isDir":false},{"path":"copilot/copilot-custom-prompts/Translate to Chinese.md","size":369,"isDir":false}]],"type":"debug","level":4,"tag":""}

{"date":"2025-12-05T15:13:54.626Z","args":[{"reason":"local file exists without a remote file","remotePath":"/黄宁的Obsidian2025.12.5/医学免疫学 (曹雪涛) (Z-Library).pdf","localPath":"医学免疫学 (曹雪涛) (Z-Library).pdf","conditions":{"recordExists":false,"remoteExists":false,"localExists":true}}],"type":"debug","level":4,"tag":""}

{"date":"2025-12-05T15:14:55.263Z","args":["local Stats",[{"path":"2025-11-25 光电子选修.md","size":761,"isDir":false},{"path":"2025-11-28.md","size":428,"isDir":false},{"path":"2025-11-29.md","size":192,"isDir":false},{"path":"2025-11-30.md","size":0,"isDir":false},{"path":"2025-10-18.md","size":35,"isDir":false},{"path":"2025-11-29 2.md","size":736,"isDir":false},{"path":"2025-12-02.md","size":821,"isDir":false},{"path":"4fbefc405337a64aec5d8516d404f12f.jpg","size":131552,"isDir":false},{"path":"医学免疫学 (曹雪涛) (Z-Library) - 快捷方式.lnk","size":1326,"isDir":false},{"path":"医学免疫学 (曹雪涛) (Z-Library).pdf","size":37572902,"isDir":false},{"path":"2025-12-04.md","size":90,"isDir":false},{"path":"微信图片_20240902223827.jpg","size":92572,"isDir":false},{"path":"未命名 1.md","size":0,"isDir":false},{"path":"未命名 2.md","size":0,"isDir":false},{"path":"未命名.base","size":40,"isDir":false},{"path":"未命名.md","size":0,"isDir":false},{"path":"欢迎.md","size":856,"isDir":false},{"path":"OneNote","isDir":true},{"path":"copilot","isDir":true},{"path":"Doc","isDir":true},{"path":"copilot/copilot-custom-prompts","isDir":true},{"path":"copilot/copilot-custom-prompts/Emojify.md","size":470,"isDir":false},{"path":"copilot/copilot-custom-prompts/Explain like I am 5.md","size":388,"isDir":false},{"path":"copilot/copilot-custom-prompts/Fix grammar and spelling.md","size":350,"isDir":false},{"path":"copilot/copilot-custom-prompts/Generate glossary.md","size":353,"isDir":false},{"path":"copilot/copilot-custom-prompts/Generate table of contents.md","size":357,"isDir":false},{"path":"copilot/copilot-custom-prompts/Make longer.md","size":379,"isDir":false},{"path":"copilot/copilot-custom-prompts/Make shorter.md","size":373,"isDir":false},{"path":"copilot/copilot-custom-prompts/Remove URLs.md","size":347,"isDir":false},{"path":"copilot/copilot-custom-prompts/Rewrite as tweet thread.md","size":500,"isDir":false},{"path":"copilot/copilot-custom-prompts/Rewrite as tweet.md","size":376,"isDir":false},{"path":"copilot/copilot-custom-prompts/Simplify.md","size":370,"isDir":false},{"path":"copilot/copilot-custom-prompts/Summarize.md","size":307,"isDir":false},{"path":"copilot/copilot-custom-prompts/Translate to Chinese.md","size":369,"isDir":false}]],"type":"debug","level":4,"tag":""}

{"date":"2025-12-05T15:14:55.263Z","args":["remote Stats",[{"path":"OneNote","isDir":true},{"path":"copilot","isDir":true},{"path":"Doc","isDir":true},{"path":"copilot/copilot-custom-prompts","isDir":true},{"path":"2025-11-25 光电子选修.md","size":761,"isDir":false},{"path":"2025-11-28.md","size":428,"isDir":false},{"path":"2025-11-29.md","size":192,"isDir":false},{"path":"2025-11-30.md","size":0,"isDir":false},{"path":"2025-10-18.md","size":35,"isDir":false},{"path":"2025-11-29 2.md","size":736,"isDir":false},{"path":"2025-12-02.md","size":821,"isDir":false},{"path":"4fbefc405337a64aec5d8516d404f12f.jpg","size":131552,"isDir":false},{"path":"医学免疫学 (曹雪涛) (Z-Library) - 快捷方式.lnk","size":1326,"isDir":false},{"path":"2025-12-04.md","size":90,"isDir":false},{"path":"微信图片_20240902223827.jpg","size":92572,"isDir":false},{"path":"未命名 1.md","size":0,"isDir":false},{"path":"未命名 2.md","size":0,"isDir":false},{"path":"未命名.base","size":40,"isDir":false},{"path":"未命名.md","size":0,"isDir":false},{"path":"欢迎.md","size":856,"isDir":false},{"path":"copilot/copilot-custom-prompts/Emojify.md","size":470,"isDir":false},{"path":"copilot/copilot-custom-prompts/Explain like I am 5.md","size":388,"isDir":false},{"path":"copilot/copilot-custom-prompts/Fix grammar and spelling.md","size":350,"isDir":false},{"path":"copilot/copilot-custom-prompts/Generate glossary.md","size":353,"isDir":false},{"path":"copilot/copilot-custom-prompts/Generate table of contents.md","size":357,"isDir":false},{"path":"copilot/copilot-custom-prompts/Make longer.md","size":379,"isDir":false},{"path":"copilot/copilot-custom-prompts/Make shorter.md","size":373,"isDir":false},{"path":"copilot/copilot-custom-prompts/Remove URLs.md","size":347,"isDir":false},{"path":"copilot/copilot-custom-prompts/Rewrite as tweet thread.md","size":500,"isDir":false},{"path":"copilot/copilot-custom-prompts/Rewrite as tweet.md","size":376,"isDir":false},{"path":"copilot/copilot-custom-prompts/Simplify.md","size":370,"isDir":false},{"path":"copilot/copilot-custom-prompts/Summarize.md","size":307,"isDir":false},{"path":"copilot/copilot-custom-prompts/Translate to Chinese.md","size":369,"isDir":false}]],"type":"debug","level":4,"tag":""}

{"date":"2025-12-05T15:14:55.263Z","args":[{"reason":"local file exists without a remote file","remotePath":"/黄宁的Obsidian2025.12.5/医学免疫学 (曹雪涛) (Z-Library).pdf","localPath":"医学免疫学 (曹雪涛) (Z-Library).pdf","conditions":{"recordExists":false,"remoteExists":false,"localExists":true}}],"type":"debug","level":4,"tag":""}

{"date":"2025-12-05T15:15:54.708Z","args":["local Stats",[{"path":"2025-11-25 光电子选修.md","size":761,"isDir":false},{"path":"2025-11-28.md","size":428,"isDir":false},{"path":"2025-11-29.md","size":192,"isDir":false},{"path":"2025-11-30.md","size":0,"isDir":false},{"path":"2025-10-18.md","size":35,"isDir":false},{"path":"2025-11-29 2.md","size":736,"isDir":false},{"path":"2025-12-02.md","size":821,"isDir":false},{"path":"4fbefc405337a64aec5d8516d404f12f.jpg","size":131552,"isDir":false},{"path":"医学免疫学 (曹雪涛) (Z-Library) - 快捷方式.lnk","size":1326,"isDir":false},{"path":"医学免疫学 (曹雪涛) (Z-Library).pdf","size":37572902,"isDir":false},{"path":"2025-12-04.md","size":90,"isDir":false},{"path":"微信图片_20240902223827.jpg","size":92572,"isDir":false},{"path":"未命名 1.md","size":0,"isDir":false},{"path":"未命名 2.md","size":0,"isDir":false},{"path":"未命名.base","size":40,"isDir":false},{"path":"未命名.md","size":0,"isDir":false},{"path":"欢迎.md","size":856,"isDir":false},{"path":"OneNote","isDir":true},{"path":"copilot","isDir":true},{"path":"Doc","isDir":true},{"path":"copilot/copilot-custom-prompts","isDir":true},{"path":"copilot/copilot-custom-prompts/Emojify.md","size":470,"isDir":false},{"path":"copilot/copilot-custom-prompts/Explain like I am 5.md","size":388,"isDir":false},{"path":"copilot/copilot-custom-prompts/Fix grammar and spelling.md","size":350,"isDir":false},{"path":"copilot/copilot-custom-prompts/Generate glossary.md","size":353,"isDir":false},{"path":"copilot/copilot-custom-prompts/Generate table of contents.md","size":357,"isDir":false},{"path":"copilot/copilot-custom-prompts/Make longer.md","size":379,"isDir":false},{"path":"copilot/copilot-custom-prompts/Make shorter.md","size":373,"isDir":false},{"path":"copilot/copilot-custom-prompts/Remove URLs.md","size":347,"isDir":false},{"path":"copilot/copilot-custom-prompts/Rewrite as tweet thread.md","size":500,"isDir":false},{"path":"copilot/copilot-custom-prompts/Rewrite as tweet.md","size":376,"isDir":false},{"path":"copilot/copilot-custom-prompts/Simplify.md","size":370,"isDir":false},{"path":"copilot/copilot-custom-prompts/Summarize.md","size":307,"isDir":false},{"path":"copilot/copilot-custom-prompts/Translate to Chinese.md","size":369,"isDir":false}]],"type":"debug","level":4,"tag":""}

{"date":"2025-12-05T15:15:54.708Z","args":["remote Stats",[{"path":"OneNote","isDir":true},{"path":"copilot","isDir":true},{"path":"Doc","isDir":true},{"path":"copilot/copilot-custom-prompts","isDir":true},{"path":"2025-11-25 光电子选修.md","size":761,"isDir":false},{"path":"2025-11-28.md","size":428,"isDir":false},{"path":"2025-11-29.md","size":192,"isDir":false},{"path":"2025-11-30.md","size":0,"isDir":false},{"path":"2025-10-18.md","size":35,"isDir":false},{"path":"2025-11-29 2.md","size":736,"isDir":false},{"path":"2025-12-02.md","size":821,"isDir":false},{"path":"4fbefc405337a64aec5d8516d404f12f.jpg","size":131552,"isDir":false},{"path":"医学免疫学 (曹雪涛) (Z-Library) - 快捷方式.lnk","size":1326,"isDir":false},{"path":"2025-12-04.md","size":90,"isDir":false},{"path":"微信图片_20240902223827.jpg","size":92572,"isDir":false},{"path":"未命名 1.md","size":0,"isDir":false},{"path":"未命名 2.md","size":0,"isDir":false},{"path":"未命名.base","size":40,"isDir":false},{"path":"未命名.md","size":0,"isDir":false},{"path":"欢迎.md","size":856,"isDir":false},{"path":"copilot/copilot-custom-prompts/Emojify.md","size":470,"isDir":false},{"path":"copilot/copilot-custom-prompts/Explain like I am 5.md","size":388,"isDir":false},{"path":"copilot/copilot-custom-prompts/Fix grammar and spelling.md","size":350,"isDir":false},{"path":"copilot/copilot-custom-prompts/Generate glossary.md","size":353,"isDir":false},{"path":"copilot/copilot-custom-prompts/Generate table of contents.md","size":357,"isDir":false},{"path":"copilot/copilot-custom-prompts/Make longer.md","size":379,"isDir":false},{"path":"copilot/copilot-custom-prompts/Make shorter.md","size":373,"isDir":false},{"path":"copilot/copilot-custom-prompts/Remove URLs.md","size":347,"isDir":false},{"path":"copilot/copilot-custom-prompts/Rewrite as tweet thread.md","size":500,"isDir":false},{"path":"copilot/copilot-custom-prompts/Rewrite as tweet.md","size":376,"isDir":false},{"path":"copilot/copilot-custom-prompts/Simplify.md","size":370,"isDir":false},{"path":"copilot/copilot-custom-prompts/Summarize.md","size":307,"isDir":false},{"path":"copilot/copilot-custom-prompts/Translate to Chinese.md","size":369,"isDir":false}]],"type":"debug","level":4,"tag":""}

{"date":"2025-12-05T15:15:54.708Z","args":[{"reason":"local file exists without a remote file","remotePath":"/黄宁的Obsidian2025.12.5/医学免疫学 (曹雪涛) (Z-Library).pdf","localPath":"医学免疫学 (曹雪涛) (Z-Library).pdf","conditions":{"recordExists":false,"remoteExists":false,"localExists":true}}],"type":"debug","level":4,"tag":""}

{"date":"2025-12-05T15:16:54.633Z","args":["local Stats",[{"path":"2025-11-25 光电子选修.md","size":761,"isDir":false},{"path":"2025-11-28.md","size":428,"isDir":false},{"path":"2025-11-29.md","size":192,"isDir":false},{"path":"2025-11-30.md","size":0,"isDir":false},{"path":"2025-10-18.md","size":35,"isDir":false},{"path":"2025-11-29 2.md","size":736,"isDir":false},{"path":"2025-12-02.md","size":821,"isDir":false},{"path":"4fbefc405337a64aec5d8516d404f12f.jpg","size":131552,"isDir":false},{"path":"医学免疫学 (曹雪涛) (Z-Library) - 快捷方式.lnk","size":1326,"isDir":false},{"path":"医学免疫学 (曹雪涛) (Z-Library).pdf","size":37572902,"isDir":false},{"path":"2025-12-04.md","size":90,"isDir":false},{"path":"微信图片_20240902223827.jpg","size":92572,"isDir":false},{"path":"未命名 1.md","size":0,"isDir":false},{"path":"未命名 2.md","size":0,"isDir":false},{"path":"未命名.base","size":40,"isDir":false},{"path":"未命名.md","size":0,"isDir":false},{"path":"欢迎.md","size":856,"isDir":false},{"path":"OneNote","isDir":true},{"path":"copilot","isDir":true},{"path":"Doc","isDir":true},{"path":"copilot/copilot-custom-prompts","isDir":true},{"path":"copilot/copilot-custom-prompts/Emojify.md","size":470,"isDir":false},{"path":"copilot/copilot-custom-prompts/Explain like I am 5.md","size":388,"isDir":false},{"path":"copilot/copilot-custom-prompts/Fix grammar and spelling.md","size":350,"isDir":false},{"path":"copilot/copilot-custom-prompts/Generate glossary.md","size":353,"isDir":false},{"path":"copilot/copilot-custom-prompts/Generate table of contents.md","size":357,"isDir":false},{"path":"copilot/copilot-custom-prompts/Make longer.md","size":379,"isDir":false},{"path":"copilot/copilot-custom-prompts/Make shorter.md","size":373,"isDir":false},{"path":"copilot/copilot-custom-prompts/Remove URLs.md","size":347,"isDir":false},{"path":"copilot/copilot-custom-prompts/Rewrite as tweet thread.md","size":500,"isDir":false},{"path":"copilot/copilot-custom-prompts/Rewrite as tweet.md","size":376,"isDir":false},{"path":"copilot/copilot-custom-prompts/Simplify.md","size":370,"isDir":false},{"path":"copilot/copilot-custom-prompts/Summarize.md","size":307,"isDir":false},{"path":"copilot/copilot-custom-prompts/Translate to Chinese.md","size":369,"isDir":false}]],"type":"debug","level":4,"tag":""}

{"date":"2025-12-05T15:16:54.633Z","args":["remote Stats",[{"path":"OneNote","isDir":true},{"path":"copilot","isDir":true},{"path":"Doc","isDir":true},{"path":"copilot/copilot-custom-prompts","isDir":true},{"path":"2025-11-25 光电子选修.md","size":761,"isDir":false},{"path":"2025-11-28.md","size":428,"isDir":false},{"path":"2025-11-29.md","size":192,"isDir":false},{"path":"2025-11-30.md","size":0,"isDir":false},{"path":"2025-10-18.md","size":35,"isDir":false},{"path":"2025-11-29 2.md","size":736,"isDir":false},{"path":"2025-12-02.md","size":821,"isDir":false},{"path":"4fbefc405337a64aec5d8516d404f12f.jpg","size":131552,"isDir":false},{"path":"医学免疫学 (曹雪涛) (Z-Library) - 快捷方式.lnk","size":1326,"isDir":false},{"path":"2025-12-04.md","size":90,"isDir":false},{"path":"微信图片_20240902223827.jpg","size":92572,"isDir":false},{"path":"未命名 1.md","size":0,"isDir":false},{"path":"未命名 2.md","size":0,"isDir":false},{"path":"未命名.base","size":40,"isDir":false},{"path":"未命名.md","size":0,"isDir":false},{"path":"欢迎.md","size":856,"isDir":false},{"path":"copilot/copilot-custom-prompts/Emojify.md","size":470,"isDir":false},{"path":"copilot/copilot-custom-prompts/Explain like I am 5.md","size":388,"isDir":false},{"path":"copilot/copilot-custom-prompts/Fix grammar and spelling.md","size":350,"isDir":false},{"path":"copilot/copilot-custom-prompts/Generate glossary.md","size":353,"isDir":false},{"path":"copilot/copilot-custom-prompts/Generate table of contents.md","size":357,"isDir":false},{"path":"copilot/copilot-custom-prompts/Make longer.md","size":379,"isDir":false},{"path":"copilot/copilot-custom-prompts/Make shorter.md","size":373,"isDir":false},{"path":"copilot/copilot-custom-prompts/Remove URLs.md","size":347,"isDir":false},{"path":"copilot/copilot-custom-prompts/Rewrite as tweet thread.md","size":500,"isDir":false},{"path":"copilot/copilot-custom-prompts/Rewrite as tweet.md","size":376,"isDir":false},{"path":"copilot/copilot-custom-prompts/Simplify.md","size":370,"isDir":false},{"path":"copilot/copilot-custom-prompts/Summarize.md","size":307,"isDir":false},{"path":"copilot/copilot-custom-prompts/Translate to Chinese.md","size":369,"isDir":false}]],"type":"debug","level":4,"tag":""}

{"date":"2025-12-05T15:16:54.633Z","args":[{"reason":"local file exists without a remote file","remotePath":"/黄宁的Obsidian2025.12.5/医学免疫学 (曹雪涛) (Z-Library).pdf","localPath":"医学免疫学 (曹雪涛) (Z-Library).pdf","conditions":{"recordExists":false,"remoteExists":false,"localExists":true}}],"type":"debug","level":4,"tag":""}

{"date":"2025-12-05T15:17:55.180Z","args":["local Stats",[{"path":"2025-11-25 光电子选修.md","size":761,"isDir":false},{"path":"2025-11-28.md","size":428,"isDir":false},{"path":"2025-11-29.md","size":192,"isDir":false},{"path":"2025-11-30.md","size":0,"isDir":false},{"path":"2025-10-18.md","size":35,"isDir":false},{"path":"2025-11-29 2.md","size":736,"isDir":false},{"path":"2025-12-02.md","size":821,"isDir":false},{"path":"4fbefc405337a64aec5d8516d404f12f.jpg","size":131552,"isDir":false},{"path":"医学免疫学 (曹雪涛) (Z-Library) - 快捷方式.lnk","size":1326,"isDir":false},{"path":"医学免疫学 (曹雪涛) (Z-Library).pdf","size":37572902,"isDir":false},{"path":"2025-12-04.md","size":90,"isDir":false},{"path":"微信图片_20240902223827.jpg","size":92572,"isDir":false},{"path":"未命名 1.md","size":0,"isDir":false},{"path":"未命名 2.md","size":0,"isDir":false},{"path":"未命名.base","size":40,"isDir":false},{"path":"未命名.md","size":0,"isDir":false},{"path":"欢迎.md","size":856,"isDir":false},{"path":"OneNote","isDir":true},{"path":"copilot","isDir":true},{"path":"Doc","isDir":true},{"path":"copilot/copilot-custom-prompts","isDir":true},{"path":"copilot/copilot-custom-prompts/Emojify.md","size":470,"isDir":false},{"path":"copilot/copilot-custom-prompts/Explain like I am 5.md","size":388,"isDir":false},{"path":"copilot/copilot-custom-prompts/Fix grammar and spelling.md","size":350,"isDir":false},{"path":"copilot/copilot-custom-prompts/Generate glossary.md","size":353,"isDir":false},{"path":"copilot/copilot-custom-prompts/Generate table of contents.md","size":357,"isDir":false},{"path":"copilot/copilot-custom-prompts/Make longer.md","size":379,"isDir":false},{"path":"copilot/copilot-custom-prompts/Make shorter.md","size":373,"isDir":false},{"path":"copilot/copilot-custom-prompts/Remove URLs.md","size":347,"isDir":false},{"path":"copilot/copilot-custom-prompts/Rewrite as tweet thread.md","size":500,"isDir":false},{"path":"copilot/copilot-custom-prompts/Rewrite as tweet.md","size":376,"isDir":false},{"path":"copilot/copilot-custom-prompts/Simplify.md","size":370,"isDir":false},{"path":"copilot/copilot-custom-prompts/Summarize.md","size":307,"isDir":false},{"path":"copilot/copilot-custom-prompts/Translate to Chinese.md","size":369,"isDir":false}]],"type":"debug","level":4,"tag":""}

{"date":"2025-12-05T15:17:55.180Z","args":["remote Stats",[{"path":"OneNote","isDir":true},{"path":"copilot","isDir":true},{"path":"Doc","isDir":true},{"path":"copilot/copilot-custom-prompts","isDir":true},{"path":"2025-11-25 光电子选修.md","size":761,"isDir":false},{"path":"2025-11-28.md","size":428,"isDir":false},{"path":"2025-11-29.md","size":192,"isDir":false},{"path":"2025-11-30.md","size":0,"isDir":false},{"path":"2025-10-18.md","size":35,"isDir":false},{"path":"2025-11-29 2.md","size":736,"isDir":false},{"path":"2025-12-02.md","size":821,"isDir":false},{"path":"4fbefc405337a64aec5d8516d404f12f.jpg","size":131552,"isDir":false},{"path":"医学免疫学 (曹雪涛) (Z-Library) - 快捷方式.lnk","size":1326,"isDir":false},{"path":"2025-12-04.md","size":90,"isDir":false},{"path":"微信图片_20240902223827.jpg","size":92572,"isDir":false},{"path":"未命名 1.md","size":0,"isDir":false},{"path":"未命名 2.md","size":0,"isDir":false},{"path":"未命名.base","size":40,"isDir":false},{"path":"未命名.md","size":0,"isDir":false},{"path":"欢迎.md","size":856,"isDir":false},{"path":"copilot/copilot-custom-prompts/Emojify.md","size":470,"isDir":false},{"path":"copilot/copilot-custom-prompts/Explain like I am 5.md","size":388,"isDir":false},{"path":"copilot/copilot-custom-prompts/Fix grammar and spelling.md","size":350,"isDir":false},{"path":"copilot/copilot-custom-prompts/Generate glossary.md","size":353,"isDir":false},{"path":"copilot/copilot-custom-prompts/Generate table of contents.md","size":357,"isDir":false},{"path":"copilot/copilot-custom-prompts/Make longer.md","size":379,"isDir":false},{"path":"copilot/copilot-custom-prompts/Make shorter.md","size":373,"isDir":false},{"path":"copilot/copilot-custom-prompts/Remove URLs.md","size":347,"isDir":false},{"path":"copilot/copilot-custom-prompts/Rewrite as tweet thread.md","size":500,"isDir":false},{"path":"copilot/copilot-custom-prompts/Rewrite as tweet.md","size":376,"isDir":false},{"path":"copilot/copilot-custom-prompts/Simplify.md","size":370,"isDir":false},{"path":"copilot/copilot-custom-prompts/Summarize.md","size":307,"isDir":false},{"path":"copilot/copilot-custom-prompts/Translate to Chinese.md","size":369,"isDir":false}]],"type":"debug","level":4,"tag":""}

{"date":"2025-12-05T15:17:55.180Z","args":[{"reason":"local file exists without a remote file","remotePath":"/黄宁的Obsidian2025.12.5/医学免疫学 (曹雪涛) (Z-Library).pdf","localPath":"医学免疫学 (曹雪涛) (Z-Library).pdf","conditions":{"recordExists":false,"remoteExists":false,"localExists":true}}],"type":"debug","level":4,"tag":""}

{"date":"2025-12-05T15:18:54.906Z","args":["local Stats",[{"path":"2025-11-25 光电子选修.md","size":761,"isDir":false},{"path":"2025-11-28.md","size":428,"isDir":false},{"path":"2025-11-29.md","size":192,"isDir":false},{"path":"2025-11-30.md","size":0,"isDir":false},{"path":"2025-10-18.md","size":35,"isDir":false},{"path":"2025-11-29 2.md","size":736,"isDir":false},{"path":"2025-12-02.md","size":821,"isDir":false},{"path":"4fbefc405337a64aec5d8516d404f12f.jpg","size":131552,"isDir":false},{"path":"医学免疫学 (曹雪涛) (Z-Library) - 快捷方式.lnk","size":1326,"isDir":false},{"path":"医学免疫学 (曹雪涛) (Z-Library).pdf","size":37572902,"isDir":false},{"path":"2025-12-04.md","size":90,"isDir":false},{"path":"微信图片_20240902223827.jpg","size":92572,"isDir":false},{"path":"未命名 1.md","size":0,"isDir":false},{"path":"未命名 2.md","size":0,"isDir":false},{"path":"未命名.base","size":40,"isDir":false},{"path":"未命名.md","size":0,"isDir":false},{"path":"欢迎.md","size":856,"isDir":false},{"path":"OneNote","isDir":true},{"path":"copilot","isDir":true},{"path":"Doc","isDir":true},{"path":"copilot/copilot-custom-prompts","isDir":true},{"path":"copilot/copilot-custom-prompts/Emojify.md","size":470,"isDir":false},{"path":"copilot/copilot-custom-prompts/Explain like I am 5.md","size":388,"isDir":false},{"path":"copilot/copilot-custom-prompts/Fix grammar and spelling.md","size":350,"isDir":false},{"path":"copilot/copilot-custom-prompts/Generate glossary.md","size":353,"isDir":false},{"path":"copilot/copilot-custom-prompts/Generate table of contents.md","size":357,"isDir":false},{"path":"copilot/copilot-custom-prompts/Make longer.md","size":379,"isDir":false},{"path":"copilot/copilot-custom-prompts/Make shorter.md","size":373,"isDir":false},{"path":"copilot/copilot-custom-prompts/Remove URLs.md","size":347,"isDir":false},{"path":"copilot/copilot-custom-prompts/Rewrite as tweet thread.md","size":500,"isDir":false},{"path":"copilot/copilot-custom-prompts/Rewrite as tweet.md","size":376,"isDir":false},{"path":"copilot/copilot-custom-prompts/Simplify.md","size":370,"isDir":false},{"path":"copilot/copilot-custom-prompts/Summarize.md","size":307,"isDir":false},{"path":"copilot/copilot-custom-prompts/Translate to Chinese.md","size":369,"isDir":false}]],"type":"debug","level":4,"tag":""}

{"date":"2025-12-05T15:18:54.907Z","args":["remote Stats",[{"path":"OneNote","isDir":true},{"path":"copilot","isDir":true},{"path":"Doc","isDir":true},{"path":"copilot/copilot-custom-prompts","isDir":true},{"path":"2025-11-25 光电子选修.md","size":761,"isDir":false},{"path":"2025-11-28.md","size":428,"isDir":false},{"path":"2025-11-29.md","size":192,"isDir":false},{"path":"2025-11-30.md","size":0,"isDir":false},{"path":"2025-10-18.md","size":35,"isDir":false},{"path":"2025-11-29 2.md","size":736,"isDir":false},{"path":"2025-12-02.md","size":821,"isDir":false},{"path":"4fbefc405337a64aec5d8516d404f12f.jpg","size":131552,"isDir":false},{"path":"医学免疫学 (曹雪涛) (Z-Library) - 快捷方式.lnk","size":1326,"isDir":false},{"path":"2025-12-04.md","size":90,"isDir":false},{"path":"微信图片_20240902223827.jpg","size":92572,"isDir":false},{"path":"未命名 1.md","size":0,"isDir":false},{"path":"未命名 2.md","size":0,"isDir":false},{"path":"未命名.base","size":40,"isDir":false},{"path":"未命名.md","size":0,"isDir":false},{"path":"欢迎.md","size":856,"isDir":false},{"path":"copilot/copilot-custom-prompts/Emojify.md","size":470,"isDir":false},{"path":"copilot/copilot-custom-prompts/Explain like I am 5.md","size":388,"isDir":false},{"path":"copilot/copilot-custom-prompts/Fix grammar and spelling.md","size":350,"isDir":false},{"path":"copilot/copilot-custom-prompts/Generate glossary.md","size":353,"isDir":false},{"path":"copilot/copilot-custom-prompts/Generate table of contents.md","size":357,"isDir":false},{"path":"copilot/copilot-custom-prompts/Make longer.md","size":379,"isDir":false},{"path":"copilot/copilot-custom-prompts/Make shorter.md","size":373,"isDir":false},{"path":"copilot/copilot-custom-prompts/Remove URLs.md","size":347,"isDir":false},{"path":"copilot/copilot-custom-prompts/Rewrite as tweet thread.md","size":500,"isDir":false},{"path":"copilot/copilot-custom-prompts/Rewrite as tweet.md","size":376,"isDir":false},{"path":"copilot/copilot-custom-prompts/Simplify.md","size":370,"isDir":false},{"path":"copilot/copilot-custom-prompts/Summarize.md","size":307,"isDir":false},{"path":"copilot/copilot-custom-prompts/Translate to Chinese.md","size":369,"isDir":false},{"path":"fantastic.md","size":1158,"isDir":false},{"path":"Pasted image 20251126104729.png","size":0,"isDir":false},{"path":"Pasted image 20251126104759.png","size":0,"isDir":false},{"path":"检索报告方案.md","size":148,"isDir":false}]],"type":"debug","level":4,"tag":""}

{"date":"2025-12-05T15:18:54.907Z","args":[{"reason":"local file exists without a remote file","remotePath":"/黄宁的Obsidian2025.12.5/医学免疫学 (曹雪涛) (Z-Library).pdf","localPath":"医学免疫学 (曹雪涛) (Z-Library).pdf","conditions":{"recordExists":false,"remoteExists":false,"localExists":true}}],"type":"debug","level":4,"tag":""}

{"date":"2025-12-05T15:18:54.907Z","args":[{"reason":"remote file exists without a local file","remotePath":"/黄宁的Obsidian2025.12.5/fantastic.md","localPath":"fantastic.md","conditions":{"recordExists":false,"remoteExists":true,"localExists":false}}],"type":"debug","level":4,"tag":""}

{"date":"2025-12-05T15:18:54.907Z","args":[{"reason":"remote file exists without a local file","remotePath":"/黄宁的Obsidian2025.12.5/Pasted image 20251126104729.png","localPath":"Pasted image 20251126104729.png","conditions":{"recordExists":false,"remoteExists":true,"localExists":false}}],"type":"debug","level":4,"tag":""}

{"date":"2025-12-05T15:18:54.907Z","args":[{"reason":"remote file exists without a local file","remotePath":"/黄宁的Obsidian2025.12.5/Pasted image 20251126104759.png","localPath":"Pasted image 20251126104759.png","conditions":{"recordExists":false,"remoteExists":true,"localExists":false}}],"type":"debug","level":4,"tag":""}

{"date":"2025-12-05T15:18:54.907Z","args":[{"reason":"remote file exists without a local file","remotePath":"/黄宁的Obsidian2025.12.5/检索报告方案.md","localPath":"检索报告方案.md","conditions":{"recordExists":false,"remoteExists":true,"localExists":false}}],"type":"debug","level":4,"tag":""}

{"date":"2025-12-05T15:18:56.008Z","args":["local Stats",[{"path":"2025-11-25 光电子选修.md","size":761,"isDir":false},{"path":"2025-11-28.md","size":428,"isDir":false},{"path":"2025-11-29.md","size":192,"isDir":false},{"path":"2025-11-30.md","size":0,"isDir":false},{"path":"2025-10-18.md","size":35,"isDir":false},{"path":"2025-11-29 2.md","size":736,"isDir":false},{"path":"2025-12-02.md","size":821,"isDir":false},{"path":"4fbefc405337a64aec5d8516d404f12f.jpg","size":131552,"isDir":false},{"path":"医学免疫学 (曹雪涛) (Z-Library) - 快捷方式.lnk","size":1326,"isDir":false},{"path":"医学免疫学 (曹雪涛) (Z-Library).pdf","size":37572902,"isDir":false},{"path":"2025-12-04.md","size":90,"isDir":false},{"path":"微信图片_20240902223827.jpg","size":92572,"isDir":false},{"path":"未命名 1.md","size":0,"isDir":false},{"path":"未命名 2.md","size":0,"isDir":false},{"path":"未命名.base","size":40,"isDir":false},{"path":"未命名.md","size":0,"isDir":false},{"path":"欢迎.md","size":856,"isDir":false},{"path":"OneNote","isDir":true},{"path":"copilot","isDir":true},{"path":"Doc","isDir":true},{"path":"copilot/copilot-custom-prompts","isDir":true},{"path":"copilot/copilot-custom-prompts/Emojify.md","size":470,"isDir":false},{"path":"copilot/copilot-custom-prompts/Explain like I am 5.md","size":388,"isDir":false},{"path":"copilot/copilot-custom-prompts/Fix grammar and spelling.md","size":350,"isDir":false},{"path":"copilot/copilot-custom-prompts/Generate glossary.md","size":353,"isDir":false},{"path":"copilot/copilot-custom-prompts/Generate table of contents.md","size":357,"isDir":false},{"path":"copilot/copilot-custom-prompts/Make longer.md","size":379,"isDir":false},{"path":"copilot/copilot-custom-prompts/Make shorter.md","size":373,"isDir":false},{"path":"copilot/copilot-custom-prompts/Remove URLs.md","size":347,"isDir":false},{"path":"copilot/copilot-custom-prompts/Rewrite as tweet thread.md","size":500,"isDir":false},{"path":"copilot/copilot-custom-prompts/Rewrite as tweet.md","size":376,"isDir":false},{"path":"copilot/copilot-custom-prompts/Simplify.md","size":370,"isDir":false},{"path":"copilot/copilot-custom-prompts/Summarize.md","size":307,"isDir":false},{"path":"copilot/copilot-custom-prompts/Translate to Chinese.md","size":369,"isDir":false}]],"type":"debug","level":4,"tag":""}

{"date":"2025-12-05T15:18:56.008Z","args":["remote Stats",[{"path":"OneNote","isDir":true},{"path":"copilot","isDir":true},{"path":"Doc","isDir":true},{"path":"copilot/copilot-custom-prompts","isDir":true},{"path":"2025-11-25 光电子选修.md","size":761,"isDir":false},{"path":"2025-11-28.md","size":428,"isDir":false},{"path":"2025-11-29.md","size":192,"isDir":false},{"path":"2025-11-30.md","size":0,"isDir":false},{"path":"2025-10-18.md","size":35,"isDir":false},{"path":"2025-11-29 2.md","size":736,"isDir":false},{"path":"2025-12-02.md","size":821,"isDir":false},{"path":"4fbefc405337a64aec5d8516d404f12f.jpg","size":131552,"isDir":false},{"path":"医学免疫学 (曹雪涛) (Z-Library) - 快捷方式.lnk","size":1326,"isDir":false},{"path":"2025-12-04.md","size":90,"isDir":false},{"path":"微信图片_20240902223827.jpg","size":92572,"isDir":false},{"path":"未命名 1.md","size":0,"isDir":false},{"path":"未命名 2.md","size":0,"isDir":false},{"path":"未命名.base","size":40,"isDir":false},{"path":"未命名.md","size":0,"isDir":false},{"path":"欢迎.md","size":856,"isDir":false},{"path":"copilot/copilot-custom-prompts/Emojify.md","size":470,"isDir":false},{"path":"copilot/copilot-custom-prompts/Explain like I am 5.md","size":388,"isDir":false},{"path":"copilot/copilot-custom-prompts/Fix grammar and spelling.md","size":350,"isDir":false},{"path":"copilot/copilot-custom-prompts/Generate glossary.md","size":353,"isDir":false},{"path":"copilot/copilot-custom-prompts/Generate table of contents.md","size":357,"isDir":false},{"path":"copilot/copilot-custom-prompts/Make longer.md","size":379,"isDir":false},{"path":"copilot/copilot-custom-prompts/Make shorter.md","size":373,"isDir":false},{"path":"copilot/copilot-custom-prompts/Remove URLs.md","size":347,"isDir":false},{"path":"copilot/copilot-custom-prompts/Rewrite as tweet thread.md","size":500,"isDir":false},{"path":"copilot/copilot-custom-prompts/Rewrite as tweet.md","size":376,"isDir":false},{"path":"copilot/copilot-custom-prompts/Simplify.md","size":370,"isDir":false},{"path":"copilot/copilot-custom-prompts/Summarize.md","size":307,"isDir":false},{"path":"copilot/copilot-custom-prompts/Translate to Chinese.md","size":369,"isDir":false},{"path":"fantastic.md","size":1158,"isDir":false},{"path":"Pasted image 20251126104729.png","size":0,"isDir":false},{"path":"Pasted image 20251126104759.png","size":0,"isDir":false},{"path":"检索报告方案.md","size":148,"isDir":false}]],"type":"debug","level":4,"tag":""}

{"date":"2025-12-05T15:18:56.008Z","args":[{"reason":"local file exists without a remote file","remotePath":"/黄宁的Obsidian2025.12.5/医学免疫学 (曹雪涛) (Z-Library).pdf","localPath":"医学免疫学 (曹雪涛) (Z-Library).pdf","conditions":{"recordExists":false,"remoteExists":false,"localExists":true}}],"type":"debug","level":4,"tag":""}

{"date":"2025-12-05T15:18:56.008Z","args":[{"reason":"remote file exists without a local file","remotePath":"/黄宁的Obsidian2025.12.5/fantastic.md","localPath":"fantastic.md","conditions":{"recordExists":false,"remoteExists":true,"localExists":false}}],"type":"debug","level":4,"tag":""}

{"date":"2025-12-05T15:18:56.008Z","args":[{"reason":"remote file exists without a local file","remotePath":"/黄宁的Obsidian2025.12.5/Pasted image 20251126104729.png","localPath":"Pasted image 20251126104729.png","conditions":{"recordExists":false,"remoteExists":true,"localExists":false}}],"type":"debug","level":4,"tag":""}

{"date":"2025-12-05T15:18:56.008Z","args":[{"reason":"remote file exists without a local file","remotePath":"/黄宁的Obsidian2025.12.5/Pasted image 20251126104759.png","localPath":"Pasted image 20251126104759.png","conditions":{"recordExists":false,"remoteExists":true,"localExists":false}}],"type":"debug","level":4,"tag":""}

{"date":"2025-12-05T15:18:56.008Z","args":[{"reason":"remote file exists without a local file","remotePath":"/黄宁的Obsidian2025.12.5/检索报告方案.md","localPath":"检索报告方案.md","conditions":{"recordExists":false,"remoteExists":true,"localExists":false}}],"type":"debug","level":4,"tag":""}

{"date":"2025-12-05T15:18:56.016Z","args":["Starting to execute sync tasks",{"totalTasks":4}],"type":"debug","level":4,"tag":""}

{"date":"2025-12-05T15:18:56.016Z","args":["Executing task [1/4] fantastic.md",{"taskName":"下载","taskPath":"fantastic.md"}],"type":"debug","level":4,"tag":""}

{"date":"2025-12-05T15:18:56.329Z","args":["Task completed [1/4] fantastic.md",{"taskName":"下载","taskPath":"fantastic.md","result":{"success":true}}],"type":"debug","level":4,"tag":""}

{"date":"2025-12-05T15:18:56.330Z","args":["Executing task [2/4] Pasted image 20251126104729.png",{"taskName":"下载","taskPath":"Pasted image 20251126104729.png"}],"type":"debug","level":4,"tag":""}

{"date":"2025-12-05T15:18:56.443Z","args":["Task completed [2/4] Pasted image 20251126104729.png",{"taskName":"下载","taskPath":"Pasted image 20251126104729.png","result":{"success":true}}],"type":"debug","level":4,"tag":""}

{"date":"2025-12-05T15:18:56.443Z","args":["Executing task [3/4] Pasted image 20251126104759.png",{"taskName":"下载","taskPath":"Pasted image 20251126104759.png"}],"type":"debug","level":4,"tag":""}

{"date":"2025-12-05T15:18:57.532Z","args":["Task completed [3/4] Pasted image 20251126104759.png",{"taskName":"下载","taskPath":"Pasted image 20251126104759.png","result":{"success":true}}],"type":"debug","level":4,"tag":""}

{"date":"2025-12-05T15:18:57.532Z","args":["Executing task [4/4] 检索报告方案.md",{"taskName":"下载","taskPath":"检索报告方案.md"}],"type":"debug","level":4,"tag":""}

{"date":"2025-12-05T15:18:58.094Z","args":["Task completed [4/4] 检索报告方案.md",{"taskName":"下载","taskPath":"检索报告方案.md","result":{"success":true}}],"type":"debug","level":4,"tag":""}

{"date":"2025-12-05T15:18:58.095Z","args":["All tasks execution completed",{"totalTasks":4,"successCount":4,"failedCount":0}],"type":"debug","level":4,"tag":""}

{"date":"2025-12-05T15:18:58.105Z","args":["tasks result",[{"success":true},{"success":true},{"success":true},{"success":true}],"failed:",0],"type":"debug","level":4,"tag":""}

{"date":"2025-12-05T15:18:58.627Z","args":["Records saving completed",{"recordsSize":37,"elapsedMs":165}],"type":"debug","level":4,"tag":""}

{"date":"2025-12-05T15:19:07.337Z","args":["local Stats",[{"path":"2025-11-25 光电子选修.md","size":761,"isDir":false},{"path":"2025-11-28.md","size":428,"isDir":false},{"path":"2025-11-29.md","size":192,"isDir":false},{"path":"2025-11-30.md","size":0,"isDir":false},{"path":"2025-10-18.md","size":35,"isDir":false},{"path":"2025-11-29 2.md","size":736,"isDir":false},{"path":"2025-12-02.md","size":821,"isDir":false},{"path":"4fbefc405337a64aec5d8516d404f12f.jpg","size":131552,"isDir":false},{"path":"医学免疫学 (曹雪涛) (Z-Library) - 快捷方式.lnk","size":1326,"isDir":false},{"path":"医学免疫学 (曹雪涛) (Z-Library).pdf","size":37572902,"isDir":false},{"path":"2025-12-04.md","size":90,"isDir":false},{"path":"微信图片_20240902223827.jpg","size":92572,"isDir":false},{"path":"未命名 1.md","size":0,"isDir":false},{"path":"未命名 2.md","size":0,"isDir":false},{"path":"未命名.base","size":40,"isDir":false},{"path":"未命名.md","size":0,"isDir":false},{"path":"欢迎.md","size":856,"isDir":false},{"path":"fantastic.md","size":1158,"isDir":false},{"path":"Pasted image 20251126104729.png","size":0,"isDir":false},{"path":"Pasted image 20251126104759.png","size":0,"isDir":false},{"path":"检索报告方案.md","size":148,"isDir":false},{"path":"OneNote","isDir":true},{"path":"copilot","isDir":true},{"path":"Doc","isDir":true},{"path":"copilot/copilot-custom-prompts","isDir":true},{"path":"copilot/copilot-custom-prompts/Emojify.md","size":470,"isDir":false},{"path":"copilot/copilot-custom-prompts/Explain like I am 5.md","size":388,"isDir":false},{"path":"copilot/copilot-custom-prompts/Fix grammar and spelling.md","size":350,"isDir":false},{"path":"copilot/copilot-custom-prompts/Generate glossary.md","size":353,"isDir":false},{"path":"copilot/copilot-custom-prompts/Generate table of contents.md","size":357,"isDir":false},{"path":"copilot/copilot-custom-prompts/Make longer.md","size":379,"isDir":false},{"path":"copilot/copilot-custom-prompts/Make shorter.md","size":373,"isDir":false},{"path":"copilot/copilot-custom-prompts/Remove URLs.md","size":347,"isDir":false},{"path":"copilot/copilot-custom-prompts/Rewrite as tweet thread.md","size":500,"isDir":false},{"path":"copilot/copilot-custom-prompts/Rewrite as tweet.md","size":376,"isDir":false},{"path":"copilot/copilot-custom-prompts/Simplify.md","size":370,"isDir":false},{"path":"copilot/copilot-custom-prompts/Summarize.md","size":307,"isDir":false},{"path":"copilot/copilot-custom-prompts/Translate to Chinese.md","size":369,"isDir":false}]],"type":"debug","level":4,"tag":""}

{"date":"2025-12-05T15:19:07.337Z","args":["remote Stats",[{"path":"OneNote","isDir":true},{"path":"copilot","isDir":true},{"path":"Doc","isDir":true},{"path":"copilot/copilot-custom-prompts","isDir":true},{"path":"2025-11-25 光电子选修.md","size":761,"isDir":false},{"path":"2025-11-28.md","size":428,"isDir":false},{"path":"2025-11-29.md","size":192,"isDir":false},{"path":"2025-11-30.md","size":0,"isDir":false},{"path":"2025-10-18.md","size":35,"isDir":false},{"path":"2025-11-29 2.md","size":736,"isDir":false},{"path":"2025-12-02.md","size":821,"isDir":false},{"path":"4fbefc405337a64aec5d8516d404f12f.jpg","size":131552,"isDir":false},{"path":"医学免疫学 (曹雪涛) (Z-Library) - 快捷方式.lnk","size":1326,"isDir":false},{"path":"2025-12-04.md","size":90,"isDir":false},{"path":"微信图片_20240902223827.jpg","size":92572,"isDir":false},{"path":"未命名 1.md","size":0,"isDir":false},{"path":"未命名 2.md","size":0,"isDir":false},{"path":"未命名.base","size":40,"isDir":false},{"path":"未命名.md","size":0,"isDir":false},{"path":"欢迎.md","size":856,"isDir":false},{"path":"copilot/copilot-custom-prompts/Emojify.md","size":470,"isDir":false},{"path":"copilot/copilot-custom-prompts/Explain like I am 5.md","size":388,"isDir":false},{"path":"copilot/copilot-custom-prompts/Fix grammar and spelling.md","size":350,"isDir":false},{"path":"copilot/copilot-custom-prompts/Generate glossary.md","size":353,"isDir":false},{"path":"copilot/copilot-custom-prompts/Generate table of contents.md","size":357,"isDir":false},{"path":"copilot/copilot-custom-prompts/Make longer.md","size":379,"isDir":false},{"path":"copilot/copilot-custom-prompts/Make shorter.md","size":373,"isDir":false},{"path":"copilot/copilot-custom-prompts/Remove URLs.md","size":347,"isDir":false},{"path":"copilot/copilot-custom-prompts/Rewrite as tweet thread.md","size":500,"isDir":false},{"path":"copilot/copilot-custom-prompts/Rewrite as tweet.md","size":376,"isDir":false},{"path":"copilot/copilot-custom-prompts/Simplify.md","size":370,"isDir":false},{"path":"copilot/copilot-custom-prompts/Summarize.md","size":307,"isDir":false},{"path":"copilot/copilot-custom-prompts/Translate to Chinese.md","size":369,"isDir":false},{"path":"fantastic.md","size":1158,"isDir":false},{"path":"Pasted image 20251126104729.png","size":0,"isDir":false},{"path":"Pasted image 20251126104759.png","size":0,"isDir":false},{"path":"检索报告方案.md","size":148,"isDir":false}]],"type":"debug","level":4,"tag":""}

{"date":"2025-12-05T15:19:07.337Z","args":[{"reason":"local file exists without a remote file","remotePath":"/黄宁的Obsidian2025.12.5/医学免疫学 (曹雪涛) (Z-Library).pdf","localPath":"医学免疫学 (曹雪涛) (Z-Library).pdf","conditions":{"recordExists":false,"remoteExists":false,"localExists":true}}],"type":"debug","level":4,"tag":""}

{"date":"2025-12-05T15:19:54.979Z","args":["local Stats",[{"path":"2025-11-25 光电子选修.md","size":761,"isDir":false},{"path":"2025-11-28.md","size":428,"isDir":false},{"path":"2025-11-29.md","size":192,"isDir":false},{"path":"2025-11-30.md","size":0,"isDir":false},{"path":"2025-10-18.md","size":35,"isDir":false},{"path":"2025-11-29 2.md","size":736,"isDir":false},{"path":"2025-12-02.md","size":821,"isDir":false},{"path":"4fbefc405337a64aec5d8516d404f12f.jpg","size":131552,"isDir":false},{"path":"医学免疫学 (曹雪涛) (Z-Library) - 快捷方式.lnk","size":1326,"isDir":false},{"path":"医学免疫学 (曹雪涛) (Z-Library).pdf","size":37572902,"isDir":false},{"path":"2025-12-04.md","size":90,"isDir":false},{"path":"微信图片_20240902223827.jpg","size":92572,"isDir":false},{"path":"未命名 1.md","size":0,"isDir":false},{"path":"未命名 2.md","size":0,"isDir":false},{"path":"未命名.base","size":40,"isDir":false},{"path":"未命名.md","size":0,"isDir":false},{"path":"欢迎.md","size":856,"isDir":false},{"path":"fantastic.md","size":1158,"isDir":false},{"path":"Pasted image 20251126104729.png","size":0,"isDir":false},{"path":"Pasted image 20251126104759.png","size":0,"isDir":false},{"path":"检索报告方案.md","size":148,"isDir":false},{"path":"OneNote","isDir":true},{"path":"copilot","isDir":true},{"path":"Doc","isDir":true},{"path":"copilot/copilot-custom-prompts","isDir":true},{"path":"copilot/copilot-custom-prompts/Emojify.md","size":470,"isDir":false},{"path":"copilot/copilot-custom-prompts/Explain like I am 5.md","size":388,"isDir":false},{"path":"copilot/copilot-custom-prompts/Fix grammar and spelling.md","size":350,"isDir":false},{"path":"copilot/copilot-custom-prompts/Generate glossary.md","size":353,"isDir":false},{"path":"copilot/copilot-custom-prompts/Generate table of contents.md","size":357,"isDir":false},{"path":"copilot/copilot-custom-prompts/Make longer.md","size":379,"isDir":false},{"path":"copilot/copilot-custom-prompts/Make shorter.md","size":373,"isDir":false},{"path":"copilot/copilot-custom-prompts/Remove URLs.md","size":347,"isDir":false},{"path":"copilot/copilot-custom-prompts/Rewrite as tweet thread.md","size":500,"isDir":false},{"path":"copilot/copilot-custom-prompts/Rewrite as tweet.md","size":376,"isDir":false},{"path":"copilot/copilot-custom-prompts/Simplify.md","size":370,"isDir":false},{"path":"copilot/copilot-custom-prompts/Summarize.md","size":307,"isDir":false},{"path":"copilot/copilot-custom-prompts/Translate to Chinese.md","size":369,"isDir":false}]],"type":"debug","level":4,"tag":""}

{"date":"2025-12-05T15:19:54.979Z","args":["remote Stats",[{"path":"OneNote","isDir":true},{"path":"copilot","isDir":true},{"path":"Doc","isDir":true},{"path":"copilot/copilot-custom-prompts","isDir":true},{"path":"2025-11-25 光电子选修.md","size":761,"isDir":false},{"path":"2025-11-28.md","size":428,"isDir":false},{"path":"2025-11-29.md","size":192,"isDir":false},{"path":"2025-11-30.md","size":0,"isDir":false},{"path":"2025-10-18.md","size":35,"isDir":false},{"path":"2025-11-29 2.md","size":736,"isDir":false},{"path":"2025-12-02.md","size":821,"isDir":false},{"path":"4fbefc405337a64aec5d8516d404f12f.jpg","size":131552,"isDir":false},{"path":"医学免疫学 (曹雪涛) (Z-Library) - 快捷方式.lnk","size":1326,"isDir":false},{"path":"2025-12-04.md","size":90,"isDir":false},{"path":"微信图片_20240902223827.jpg","size":92572,"isDir":false},{"path":"未命名 1.md","size":0,"isDir":false},{"path":"未命名 2.md","size":0,"isDir":false},{"path":"未命名.base","size":40,"isDir":false},{"path":"未命名.md","size":0,"isDir":false},{"path":"欢迎.md","size":856,"isDir":false},{"path":"copilot/copilot-custom-prompts/Emojify.md","size":470,"isDir":false},{"path":"copilot/copilot-custom-prompts/Explain like I am 5.md","size":388,"isDir":false},{"path":"copilot/copilot-custom-prompts/Fix grammar and spelling.md","size":350,"isDir":false},{"path":"copilot/copilot-custom-prompts/Generate glossary.md","size":353,"isDir":false},{"path":"copilot/copilot-custom-prompts/Generate table of contents.md","size":357,"isDir":false},{"path":"copilot/copilot-custom-prompts/Make longer.md","size":379,"isDir":false},{"path":"copilot/copilot-custom-prompts/Make shorter.md","size":373,"isDir":false},{"path":"copilot/copilot-custom-prompts/Remove URLs.md","size":347,"isDir":false},{"path":"copilot/copilot-custom-prompts/Rewrite as tweet thread.md","size":500,"isDir":false},{"path":"copilot/copilot-custom-prompts/Rewrite as tweet.md","size":376,"isDir":false},{"path":"copilot/copilot-custom-prompts/Simplify.md","size":370,"isDir":false},{"path":"copilot/copilot-custom-prompts/Summarize.md","size":307,"isDir":false},{"path":"copilot/copilot-custom-prompts/Translate to Chinese.md","size":369,"isDir":false},{"path":"fantastic.md","size":1158,"isDir":false},{"path":"Pasted image 20251126104729.png","size":0,"isDir":false},{"path":"Pasted image 20251126104759.png","size":0,"isDir":false},{"path":"检索报告方案.md","size":148,"isDir":false}]],"type":"debug","level":4,"tag":""}

{"date":"2025-12-05T15:19:54.979Z","args":[{"reason":"local file exists without a remote file","remotePath":"/黄宁的Obsidian2025.12.5/医学免疫学 (曹雪涛) (Z-Library).pdf","localPath":"医学免疫学 (曹雪涛) (Z-Library).pdf","conditions":{"recordExists":false,"remoteExists":false,"localExists":true}}],"type":"debug","level":4,"tag":""}

{"date":"2025-12-05T15:21:32.659Z","args":["local Stats",[{"path":"2025-11-25 光电子选修.md","size":761,"isDir":false},{"path":"2025-11-28.md","size":428,"isDir":false},{"path":"2025-11-29.md","size":192,"isDir":false},{"path":"2025-11-30.md","size":0,"isDir":false},{"path":"2025-10-18.md","size":35,"isDir":false},{"path":"2025-11-29 2.md","size":736,"isDir":false},{"path":"2025-12-02.md","size":821,"isDir":false},{"path":"4fbefc405337a64aec5d8516d404f12f.jpg","size":131552,"isDir":false},{"path":"医学免疫学 (曹雪涛) (Z-Library) - 快捷方式.lnk","size":1326,"isDir":false},{"path":"医学免疫学 (曹雪涛) (Z-Library).pdf","size":37572902,"isDir":false},{"path":"2025-12-04.md","size":90,"isDir":false},{"path":"微信图片_20240902223827.jpg","size":92572,"isDir":false},{"path":"未命名 1.md","size":0,"isDir":false},{"path":"未命名 2.md","size":0,"isDir":false},{"path":"未命名.base","size":40,"isDir":false},{"path":"未命名.md","size":0,"isDir":false},{"path":"欢迎.md","size":856,"isDir":false},{"path":"fantastic.md","size":1158,"isDir":false},{"path":"Pasted image 20251126104729.png","size":0,"isDir":false},{"path":"Pasted image 20251126104759.png","size":0,"isDir":false},{"path":"检索报告方案.md","size":148,"isDir":false},{"path":"OneNote","isDir":true},{"path":"copilot","isDir":true},{"path":"Doc","isDir":true},{"path":"copilot/copilot-custom-prompts","isDir":true},{"path":"copilot/copilot-custom-prompts/Emojify.md","size":470,"isDir":false},{"path":"copilot/copilot-custom-prompts/Explain like I am 5.md","size":388,"isDir":false},{"path":"copilot/copilot-custom-prompts/Fix grammar and spelling.md","size":350,"isDir":false},{"path":"copilot/copilot-custom-prompts/Generate glossary.md","size":353,"isDir":false},{"path":"copilot/copilot-custom-prompts/Generate table of contents.md","size":357,"isDir":false},{"path":"copilot/copilot-custom-prompts/Make longer.md","size":379,"isDir":false},{"path":"copilot/copilot-custom-prompts/Make shorter.md","size":373,"isDir":false},{"path":"copilot/copilot-custom-prompts/Remove URLs.md","size":347,"isDir":false},{"path":"copilot/copilot-custom-prompts/Rewrite as tweet thread.md","size":500,"isDir":false},{"path":"copilot/copilot-custom-prompts/Rewrite as tweet.md","size":376,"isDir":false},{"path":"copilot/copilot-custom-prompts/Simplify.md","size":370,"isDir":false},{"path":"copilot/copilot-custom-prompts/Summarize.md","size":307,"isDir":false},{"path":"copilot/copilot-custom-prompts/Translate to Chinese.md","size":369,"isDir":false}]],"type":"debug","level":4,"tag":""}

{"date":"2025-12-05T15:21:32.659Z","args":["remote Stats",[{"path":"OneNote","isDir":true},{"path":"copilot","isDir":true},{"path":"Doc","isDir":true},{"path":"copilot/copilot-custom-prompts","isDir":true},{"path":"2025-11-25 光电子选修.md","size":761,"isDir":false},{"path":"2025-11-28.md","size":428,"isDir":false},{"path":"2025-11-29.md","size":192,"isDir":false},{"path":"2025-11-30.md","size":0,"isDir":false},{"path":"2025-10-18.md","size":35,"isDir":false},{"path":"2025-11-29 2.md","size":736,"isDir":false},{"path":"2025-12-02.md","size":821,"isDir":false},{"path":"4fbefc405337a64aec5d8516d404f12f.jpg","size":131552,"isDir":false},{"path":"医学免疫学 (曹雪涛) (Z-Library) - 快捷方式.lnk","size":1326,"isDir":false},{"path":"2025-12-04.md","size":90,"isDir":false},{"path":"微信图片_20240902223827.jpg","size":92572,"isDir":false},{"path":"未命名 1.md","size":0,"isDir":false},{"path":"未命名 2.md","size":0,"isDir":false},{"path":"未命名.base","size":40,"isDir":false},{"path":"未命名.md","size":0,"isDir":false},{"path":"欢迎.md","size":856,"isDir":false},{"path":"copilot/copilot-custom-prompts/Emojify.md","size":470,"isDir":false},{"path":"copilot/copilot-custom-prompts/Explain like I am 5.md","size":388,"isDir":false},{"path":"copilot/copilot-custom-prompts/Fix grammar and spelling.md","size":350,"isDir":false},{"path":"copilot/copilot-custom-prompts/Generate glossary.md","size":353,"isDir":false},{"path":"copilot/copilot-custom-prompts/Generate table of contents.md","size":357,"isDir":false},{"path":"copilot/copilot-custom-prompts/Make longer.md","size":379,"isDir":false},{"path":"copilot/copilot-custom-prompts/Make shorter.md","size":373,"isDir":false},{"path":"copilot/copilot-custom-prompts/Remove URLs.md","size":347,"isDir":false},{"path":"copilot/copilot-custom-prompts/Rewrite as tweet thread.md","size":500,"isDir":false},{"path":"copilot/copilot-custom-prompts/Rewrite as tweet.md","size":376,"isDir":false},{"path":"copilot/copilot-custom-prompts/Simplify.md","size":370,"isDir":false},{"path":"copilot/copilot-custom-prompts/Summarize.md","size":307,"isDir":false},{"path":"copilot/copilot-custom-prompts/Translate to Chinese.md","size":369,"isDir":false},{"path":"fantastic.md","size":1158,"isDir":false},{"path":"Pasted image 20251126104729.png","size":0,"isDir":false},{"path":"Pasted image 20251126104759.png","size":0,"isDir":false},{"path":"检索报告方案.md","size":148,"isDir":false}]],"type":"debug","level":4,"tag":""}

{"date":"2025-12-05T15:21:32.659Z","args":[{"reason":"local file exists without a remote file","remotePath":"/黄宁的Obsidian2025.12.5/医学免疫学 (曹雪涛) (Z-Library).pdf","localPath":"医学免疫学 (曹雪涛) (Z-Library).pdf","conditions":{"recordExists":false,"remoteExists":false,"localExists":true}}],"type":"debug","level":4,"tag":""}

{"date":"2025-12-05T15:23:09.612Z","args":["local Stats",[{"path":"2025-11-25 光电子选修.md","size":761,"isDir":false},{"path":"2025-11-28.md","size":428,"isDir":false},{"path":"2025-11-29.md","size":192,"isDir":false},{"path":"2025-11-30.md","size":0,"isDir":false},{"path":"2025-10-18.md","size":35,"isDir":false},{"path":"2025-11-29 2.md","size":736,"isDir":false},{"path":"2025-12-02.md","size":821,"isDir":false},{"path":"4fbefc405337a64aec5d8516d404f12f.jpg","size":131552,"isDir":false},{"path":"医学免疫学 (曹雪涛) (Z-Library) - 快捷方式.lnk","size":1326,"isDir":false},{"path":"医学免疫学 (曹雪涛) (Z-Library).pdf","size":37572902,"isDir":false},{"path":"2025-12-04.md","size":90,"isDir":false},{"path":"微信图片_20240902223827.jpg","size":92572,"isDir":false},{"path":"未命名 1.md","size":0,"isDir":false},{"path":"未命名 2.md","size":0,"isDir":false},{"path":"未命名.base","size":40,"isDir":false},{"path":"未命名.md","size":0,"isDir":false},{"path":"欢迎.md","size":856,"isDir":false},{"path":"fantastic.md","size":1158,"isDir":false},{"path":"Pasted image 20251126104729.png","size":0,"isDir":false},{"path":"Pasted image 20251126104759.png","size":0,"isDir":false},{"path":"检索报告方案.md","size":148,"isDir":false},{"path":"OneNote","isDir":true},{"path":"copilot","isDir":true},{"path":"Doc","isDir":true},{"path":"copilot/copilot-custom-prompts","isDir":true},{"path":"copilot/copilot-custom-prompts/Emojify.md","size":470,"isDir":false},{"path":"copilot/copilot-custom-prompts/Explain like I am 5.md","size":388,"isDir":false},{"path":"copilot/copilot-custom-prompts/Fix grammar and spelling.md","size":350,"isDir":false},{"path":"copilot/copilot-custom-prompts/Generate glossary.md","size":353,"isDir":false},{"path":"copilot/copilot-custom-prompts/Generate table of contents.md","size":357,"isDir":false},{"path":"copilot/copilot-custom-prompts/Make longer.md","size":379,"isDir":false},{"path":"copilot/copilot-custom-prompts/Make shorter.md","size":373,"isDir":false},{"path":"copilot/copilot-custom-prompts/Remove URLs.md","size":347,"isDir":false},{"path":"copilot/copilot-custom-prompts/Rewrite as tweet thread.md","size":500,"isDir":false},{"path":"copilot/copilot-custom-prompts/Rewrite as tweet.md","size":376,"isDir":false},{"path":"copilot/copilot-custom-prompts/Simplify.md","size":370,"isDir":false},{"path":"copilot/copilot-custom-prompts/Summarize.md","size":307,"isDir":false},{"path":"copilot/copilot-custom-prompts/Translate to Chinese.md","size":369,"isDir":false}]],"type":"debug","level":4,"tag":""}

{"date":"2025-12-05T15:23:09.612Z","args":["remote Stats",[{"path":"OneNote","isDir":true},{"path":"copilot","isDir":true},{"path":"Doc","isDir":true},{"path":"copilot/copilot-custom-prompts","isDir":true},{"path":"2025-11-25 光电子选修.md","size":761,"isDir":false},{"path":"2025-11-28.md","size":428,"isDir":false},{"path":"2025-11-29.md","size":192,"isDir":false},{"path":"2025-11-30.md","size":0,"isDir":false},{"path":"2025-10-18.md","size":35,"isDir":false},{"path":"2025-11-29 2.md","size":736,"isDir":false},{"path":"2025-12-02.md","size":821,"isDir":false},{"path":"4fbefc405337a64aec5d8516d404f12f.jpg","size":131552,"isDir":false},{"path":"医学免疫学 (曹雪涛) (Z-Library) - 快捷方式.lnk","size":1326,"isDir":false},{"path":"2025-12-04.md","size":90,"isDir":false},{"path":"微信图片_20240902223827.jpg","size":92572,"isDir":false},{"path":"未命名 1.md","size":0,"isDir":false},{"path":"未命名 2.md","size":0,"isDir":false},{"path":"未命名.base","size":40,"isDir":false},{"path":"未命名.md","size":0,"isDir":false},{"path":"欢迎.md","size":856,"isDir":false},{"path":"copilot/copilot-custom-prompts/Emojify.md","size":470,"isDir":false},{"path":"copilot/copilot-custom-prompts/Explain like I am 5.md","size":388,"isDir":false},{"path":"copilot/copilot-custom-prompts/Fix grammar and spelling.md","size":350,"isDir":false},{"path":"copilot/copilot-custom-prompts/Generate glossary.md","size":353,"isDir":false},{"path":"copilot/copilot-custom-prompts/Generate table of contents.md","size":357,"isDir":false},{"path":"copilot/copilot-custom-prompts/Make longer.md","size":379,"isDir":false},{"path":"copilot/copilot-custom-prompts/Make shorter.md","size":373,"isDir":false},{"path":"copilot/copilot-custom-prompts/Remove URLs.md","size":347,"isDir":false},{"path":"copilot/copilot-custom-prompts/Rewrite as tweet thread.md","size":500,"isDir":false},{"path":"copilot/copilot-custom-prompts/Rewrite as tweet.md","size":376,"isDir":false},{"path":"copilot/copilot-custom-prompts/Simplify.md","size":370,"isDir":false},{"path":"copilot/copilot-custom-prompts/Summarize.md","size":307,"isDir":false},{"path":"copilot/copilot-custom-prompts/Translate to Chinese.md","size":369,"isDir":false},{"path":"fantastic.md","size":1158,"isDir":false},{"path":"Pasted image 20251126104729.png","size":0,"isDir":false},{"path":"Pasted image 20251126104759.png","size":0,"isDir":false},{"path":"检索报告方案.md","size":148,"isDir":false}]],"type":"debug","level":4,"tag":""}

{"date":"2025-12-05T15:23:09.612Z","args":[{"reason":"local file exists without a remote file","remotePath":"/黄宁的Obsidian2025.12.5/医学免疫学 (曹雪涛) (Z-Library).pdf","localPath":"医学免疫学 (曹雪涛) (Z-Library).pdf","conditions":{"recordExists":false,"remoteExists":false,"localExists":true}}],"type":"debug","level":4,"tag":""}

{"date":"2025-12-05T15:24:54.588Z","args":["local Stats",[{"path":"2025-11-25 光电子选修.md","size":761,"isDir":false},{"path":"2025-11-28.md","size":428,"isDir":false},{"path":"2025-11-29.md","size":192,"isDir":false},{"path":"2025-11-30.md","size":0,"isDir":false},{"path":"2025-10-18.md","size":35,"isDir":false},{"path":"2025-11-29 2.md","size":736,"isDir":false},{"path":"2025-12-02.md","size":821,"isDir":false},{"path":"4fbefc405337a64aec5d8516d404f12f.jpg","size":131552,"isDir":false},{"path":"医学免疫学 (曹雪涛) (Z-Library) - 快捷方式.lnk","size":1326,"isDir":false},{"path":"医学免疫学 (曹雪涛) (Z-Library).pdf","size":37572902,"isDir":false},{"path":"2025-12-04.md","size":90,"isDir":false},{"path":"微信图片_20240902223827.jpg","size":92572,"isDir":false},{"path":"未命名 1.md","size":0,"isDir":false},{"path":"未命名 2.md","size":0,"isDir":false},{"path":"未命名.base","size":40,"isDir":false},{"path":"未命名.md","size":0,"isDir":false},{"path":"欢迎.md","size":856,"isDir":false},{"path":"fantastic.md","size":1158,"isDir":false},{"path":"Pasted image 20251126104729.png","size":0,"isDir":false},{"path":"Pasted image 20251126104759.png","size":0,"isDir":false},{"path":"检索报告方案.md","size":148,"isDir":false},{"path":"OneNote","isDir":true},{"path":"copilot","isDir":true},{"path":"Doc","isDir":true},{"path":"copilot/copilot-custom-prompts","isDir":true},{"path":"copilot/copilot-custom-prompts/Emojify.md","size":470,"isDir":false},{"path":"copilot/copilot-custom-prompts/Explain like I am 5.md","size":388,"isDir":false},{"path":"copilot/copilot-custom-prompts/Fix grammar and spelling.md","size":350,"isDir":false},{"path":"copilot/copilot-custom-prompts/Generate glossary.md","size":353,"isDir":false},{"path":"copilot/copilot-custom-prompts/Generate table of contents.md","size":357,"isDir":false},{"path":"copilot/copilot-custom-prompts/Make longer.md","size":379,"isDir":false},{"path":"copilot/copilot-custom-prompts/Make shorter.md","size":373,"isDir":false},{"path":"copilot/copilot-custom-prompts/Remove URLs.md","size":347,"isDir":false},{"path":"copilot/copilot-custom-prompts/Rewrite as tweet thread.md","size":500,"isDir":false},{"path":"copilot/copilot-custom-prompts/Rewrite as tweet.md","size":376,"isDir":false},{"path":"copilot/copilot-custom-prompts/Simplify.md","size":370,"isDir":false},{"path":"copilot/copilot-custom-prompts/Summarize.md","size":307,"isDir":false},{"path":"copilot/copilot-custom-prompts/Translate to Chinese.md","size":369,"isDir":false}]],"type":"debug","level":4,"tag":""}

{"date":"2025-12-05T15:24:54.588Z","args":["remote Stats",[{"path":"OneNote","isDir":true},{"path":"copilot","isDir":true},{"path":"Doc","isDir":true},{"path":"copilot/copilot-custom-prompts","isDir":true},{"path":"2025-11-25 光电子选修.md","size":761,"isDir":false},{"path":"2025-11-28.md","size":428,"isDir":false},{"path":"2025-11-29.md","size":192,"isDir":false},{"path":"2025-11-30.md","size":0,"isDir":false},{"path":"2025-10-18.md","size":35,"isDir":false},{"path":"2025-11-29 2.md","size":736,"isDir":false},{"path":"2025-12-02.md","size":821,"isDir":false},{"path":"4fbefc405337a64aec5d8516d404f12f.jpg","size":131552,"isDir":false},{"path":"医学免疫学 (曹雪涛) (Z-Library) - 快捷方式.lnk","size":1326,"isDir":false},{"path":"2025-12-04.md","size":90,"isDir":false},{"path":"微信图片_20240902223827.jpg","size":92572,"isDir":false},{"path":"未命名 1.md","size":0,"isDir":false},{"path":"未命名 2.md","size":0,"isDir":false},{"path":"未命名.base","size":40,"isDir":false},{"path":"未命名.md","size":0,"isDir":false},{"path":"欢迎.md","size":856,"isDir":false},{"path":"copilot/copilot-custom-prompts/Emojify.md","size":470,"isDir":false},{"path":"copilot/copilot-custom-prompts/Explain like I am 5.md","size":388,"isDir":false},{"path":"copilot/copilot-custom-prompts/Fix grammar and spelling.md","size":350,"isDir":false},{"path":"copilot/copilot-custom-prompts/Generate glossary.md","size":353,"isDir":false},{"path":"copilot/copilot-custom-prompts/Generate table of contents.md","size":357,"isDir":false},{"path":"copilot/copilot-custom-prompts/Make longer.md","size":379,"isDir":false},{"path":"copilot/copilot-custom-prompts/Make shorter.md","size":373,"isDir":false},{"path":"copilot/copilot-custom-prompts/Remove URLs.md","size":347,"isDir":false},{"path":"copilot/copilot-custom-prompts/Rewrite as tweet thread.md","size":500,"isDir":false},{"path":"copilot/copilot-custom-prompts/Rewrite as tweet.md","size":376,"isDir":false},{"path":"copilot/copilot-custom-prompts/Simplify.md","size":370,"isDir":false},{"path":"copilot/copilot-custom-prompts/Summarize.md","size":307,"isDir":false},{"path":"copilot/copilot-custom-prompts/Translate to Chinese.md","size":369,"isDir":false},{"path":"fantastic.md","size":1158,"isDir":false},{"path":"Pasted image 20251126104729.png","size":0,"isDir":false},{"path":"Pasted image 20251126104759.png","size":0,"isDir":false},{"path":"检索报告方案.md","size":148,"isDir":false}]],"type":"debug","level":4,"tag":""}

{"date":"2025-12-05T15:24:54.589Z","args":[{"reason":"local file exists without a remote file","remotePath":"/黄宁的Obsidian2025.12.5/医学免疫学 (曹雪涛) (Z-Library).pdf","localPath":"医学免疫学 (曹雪涛) (Z-Library).pdf","conditions":{"recordExists":false,"remoteExists":false,"localExists":true}}],"type":"debug","level":4,"tag":""}

{"date":"2025-12-05T15:25:54.726Z","args":["local Stats",[{"path":"2025-11-25 光电子选修.md","size":761,"isDir":false},{"path":"2025-11-28.md","size":428,"isDir":false},{"path":"2025-11-29.md","size":192,"isDir":false},{"path":"2025-11-30.md","size":0,"isDir":false},{"path":"2025-10-18.md","size":35,"isDir":false},{"path":"2025-11-29 2.md","size":736,"isDir":false},{"path":"2025-12-02.md","size":821,"isDir":false},{"path":"4fbefc405337a64aec5d8516d404f12f.jpg","size":131552,"isDir":false},{"path":"医学免疫学 (曹雪涛) (Z-Library) - 快捷方式.lnk","size":1326,"isDir":false},{"path":"医学免疫学 (曹雪涛) (Z-Library).pdf","size":37572902,"isDir":false},{"path":"2025-12-04.md","size":90,"isDir":false},{"path":"微信图片_20240902223827.jpg","size":92572,"isDir":false},{"path":"未命名 1.md","size":0,"isDir":false},{"path":"未命名 2.md","size":0,"isDir":false},{"path":"未命名.base","size":40,"isDir":false},{"path":"未命名.md","size":0,"isDir":false},{"path":"欢迎.md","size":856,"isDir":false},{"path":"fantastic.md","size":1158,"isDir":false},{"path":"Pasted image 20251126104729.png","size":0,"isDir":false},{"path":"Pasted image 20251126104759.png","size":0,"isDir":false},{"path":"检索报告方案.md","size":148,"isDir":false},{"path":"OneNote","isDir":true},{"path":"copilot","isDir":true},{"path":"Doc","isDir":true},{"path":"copilot/copilot-custom-prompts","isDir":true},{"path":"copilot/copilot-custom-prompts/Emojify.md","size":470,"isDir":false},{"path":"copilot/copilot-custom-prompts/Explain like I am 5.md","size":388,"isDir":false},{"path":"copilot/copilot-custom-prompts/Fix grammar and spelling.md","size":350,"isDir":false},{"path":"copilot/copilot-custom-prompts/Generate glossary.md","size":353,"isDir":false},{"path":"copilot/copilot-custom-prompts/Generate table of contents.md","size":357,"isDir":false},{"path":"copilot/copilot-custom-prompts/Make longer.md","size":379,"isDir":false},{"path":"copilot/copilot-custom-prompts/Make shorter.md","size":373,"isDir":false},{"path":"copilot/copilot-custom-prompts/Remove URLs.md","size":347,"isDir":false},{"path":"copilot/copilot-custom-prompts/Rewrite as tweet thread.md","size":500,"isDir":false},{"path":"copilot/copilot-custom-prompts/Rewrite as tweet.md","size":376,"isDir":false},{"path":"copilot/copilot-custom-prompts/Simplify.md","size":370,"isDir":false},{"path":"copilot/copilot-custom-prompts/Summarize.md","size":307,"isDir":false},{"path":"copilot/copilot-custom-prompts/Translate to Chinese.md","size":369,"isDir":false}]],"type":"debug","level":4,"tag":""}

{"date":"2025-12-05T15:25:54.726Z","args":["remote Stats",[{"path":"OneNote","isDir":true},{"path":"copilot","isDir":true},{"path":"Doc","isDir":true},{"path":"copilot/copilot-custom-prompts","isDir":true},{"path":"2025-11-25 光电子选修.md","size":761,"isDir":false},{"path":"2025-11-28.md","size":428,"isDir":false},{"path":"2025-11-29.md","size":192,"isDir":false},{"path":"2025-11-30.md","size":0,"isDir":false},{"path":"2025-10-18.md","size":35,"isDir":false},{"path":"2025-11-29 2.md","size":736,"isDir":false},{"path":"2025-12-02.md","size":821,"isDir":false},{"path":"4fbefc405337a64aec5d8516d404f12f.jpg","size":131552,"isDir":false},{"path":"医学免疫学 (曹雪涛) (Z-Library) - 快捷方式.lnk","size":1326,"isDir":false},{"path":"2025-12-04.md","size":90,"isDir":false},{"path":"微信图片_20240902223827.jpg","size":92572,"isDir":false},{"path":"未命名 1.md","size":0,"isDir":false},{"path":"未命名 2.md","size":0,"isDir":false},{"path":"未命名.base","size":40,"isDir":false},{"path":"未命名.md","size":0,"isDir":false},{"path":"欢迎.md","size":856,"isDir":false},{"path":"copilot/copilot-custom-prompts/Emojify.md","size":470,"isDir":false},{"path":"copilot/copilot-custom-prompts/Explain like I am 5.md","size":388,"isDir":false},{"path":"copilot/copilot-custom-prompts/Fix grammar and spelling.md","size":350,"isDir":false},{"path":"copilot/copilot-custom-prompts/Generate glossary.md","size":353,"isDir":false},{"path":"copilot/copilot-custom-prompts/Generate table of contents.md","size":357,"isDir":false},{"path":"copilot/copilot-custom-prompts/Make longer.md","size":379,"isDir":false},{"path":"copilot/copilot-custom-prompts/Make shorter.md","size":373,"isDir":false},{"path":"copilot/copilot-custom-prompts/Remove URLs.md","size":347,"isDir":false},{"path":"copilot/copilot-custom-prompts/Rewrite as tweet thread.md","size":500,"isDir":false},{"path":"copilot/copilot-custom-prompts/Rewrite as tweet.md","size":376,"isDir":false},{"path":"copilot/copilot-custom-prompts/Simplify.md","size":370,"isDir":false},{"path":"copilot/copilot-custom-prompts/Summarize.md","size":307,"isDir":false},{"path":"copilot/copilot-custom-prompts/Translate to Chinese.md","size":369,"isDir":false},{"path":"fantastic.md","size":1158,"isDir":false},{"path":"Pasted image 20251126104729.png","size":0,"isDir":false},{"path":"Pasted image 20251126104759.png","size":0,"isDir":false},{"path":"检索报告方案.md","size":148,"isDir":false}]],"type":"debug","level":4,"tag":""}

{"date":"2025-12-05T15:25:54.726Z","args":[{"reason":"local file exists without a remote file","remotePath":"/黄宁的Obsidian2025.12.5/医学免疫学 (曹雪涛) (Z-Library).pdf","localPath":"医学免疫学 (曹雪涛) (Z-Library).pdf","conditions":{"recordExists":false,"remoteExists":false,"localExists":true}}],"type":"debug","level":4,"tag":""}

{"date":"2025-12-05T15:26:54.518Z","args":["local Stats",[{"path":"2025-11-25 光电子选修.md","size":761,"isDir":false},{"path":"2025-11-28.md","size":428,"isDir":false},{"path":"2025-11-29.md","size":192,"isDir":false},{"path":"2025-11-30.md","size":0,"isDir":false},{"path":"2025-10-18.md","size":35,"isDir":false},{"path":"2025-11-29 2.md","size":736,"isDir":false},{"path":"2025-12-02.md","size":821,"isDir":false},{"path":"4fbefc405337a64aec5d8516d404f12f.jpg","size":131552,"isDir":false},{"path":"医学免疫学 (曹雪涛) (Z-Library) - 快捷方式.lnk","size":1326,"isDir":false},{"path":"医学免疫学 (曹雪涛) (Z-Library).pdf","size":37572902,"isDir":false},{"path":"2025-12-04.md","size":90,"isDir":false},{"path":"微信图片_20240902223827.jpg","size":92572,"isDir":false},{"path":"未命名 1.md","size":0,"isDir":false},{"path":"未命名 2.md","size":0,"isDir":false},{"path":"未命名.base","size":40,"isDir":false},{"path":"未命名.md","size":0,"isDir":false},{"path":"欢迎.md","size":856,"isDir":false},{"path":"fantastic.md","size":1158,"isDir":false},{"path":"Pasted image 20251126104729.png","size":0,"isDir":false},{"path":"Pasted image 20251126104759.png","size":0,"isDir":false},{"path":"检索报告方案.md","size":148,"isDir":false},{"path":"OneNote","isDir":true},{"path":"copilot","isDir":true},{"path":"Doc","isDir":true},{"path":"copilot/copilot-custom-prompts","isDir":true},{"path":"copilot/copilot-custom-prompts/Emojify.md","size":470,"isDir":false},{"path":"copilot/copilot-custom-prompts/Explain like I am 5.md","size":388,"isDir":false},{"path":"copilot/copilot-custom-prompts/Fix grammar and spelling.md","size":350,"isDir":false},{"path":"copilot/copilot-custom-prompts/Generate glossary.md","size":353,"isDir":false},{"path":"copilot/copilot-custom-prompts/Generate table of contents.md","size":357,"isDir":false},{"path":"copilot/copilot-custom-prompts/Make longer.md","size":379,"isDir":false},{"path":"copilot/copilot-custom-prompts/Make shorter.md","size":373,"isDir":false},{"path":"copilot/copilot-custom-prompts/Remove URLs.md","size":347,"isDir":false},{"path":"copilot/copilot-custom-prompts/Rewrite as tweet thread.md","size":500,"isDir":false},{"path":"copilot/copilot-custom-prompts/Rewrite as tweet.md","size":376,"isDir":false},{"path":"copilot/copilot-custom-prompts/Simplify.md","size":370,"isDir":false},{"path":"copilot/copilot-custom-prompts/Summarize.md","size":307,"isDir":false},{"path":"copilot/copilot-custom-prompts/Translate to Chinese.md","size":369,"isDir":false}]],"type":"debug","level":4,"tag":""}

{"date":"2025-12-05T15:26:54.518Z","args":["remote Stats",[{"path":"OneNote","isDir":true},{"path":"copilot","isDir":true},{"path":"Doc","isDir":true},{"path":"copilot/copilot-custom-prompts","isDir":true},{"path":"2025-11-25 光电子选修.md","size":761,"isDir":false},{"path":"2025-11-28.md","size":428,"isDir":false},{"path":"2025-11-29.md","size":192,"isDir":false},{"path":"2025-11-30.md","size":0,"isDir":false},{"path":"2025-10-18.md","size":35,"isDir":false},{"path":"2025-11-29 2.md","size":736,"isDir":false},{"path":"2025-12-02.md","size":821,"isDir":false},{"path":"4fbefc405337a64aec5d8516d404f12f.jpg","size":131552,"isDir":false},{"path":"医学免疫学 (曹雪涛) (Z-Library) - 快捷方式.lnk","size":1326,"isDir":false},{"path":"2025-12-04.md","size":90,"isDir":false},{"path":"微信图片_20240902223827.jpg","size":92572,"isDir":false},{"path":"未命名 1.md","size":0,"isDir":false},{"path":"未命名 2.md","size":0,"isDir":false},{"path":"未命名.base","size":40,"isDir":false},{"path":"未命名.md","size":0,"isDir":false},{"path":"欢迎.md","size":856,"isDir":false},{"path":"copilot/copilot-custom-prompts/Emojify.md","size":470,"isDir":false},{"path":"copilot/copilot-custom-prompts/Explain like I am 5.md","size":388,"isDir":false},{"path":"copilot/copilot-custom-prompts/Fix grammar and spelling.md","size":350,"isDir":false},{"path":"copilot/copilot-custom-prompts/Generate glossary.md","size":353,"isDir":false},{"path":"copilot/copilot-custom-prompts/Generate table of contents.md","size":357,"isDir":false},{"path":"copilot/copilot-custom-prompts/Make longer.md","size":379,"isDir":false},{"path":"copilot/copilot-custom-prompts/Make shorter.md","size":373,"isDir":false},{"path":"copilot/copilot-custom-prompts/Remove URLs.md","size":347,"isDir":false},{"path":"copilot/copilot-custom-prompts/Rewrite as tweet thread.md","size":500,"isDir":false},{"path":"copilot/copilot-custom-prompts/Rewrite as tweet.md","size":376,"isDir":false},{"path":"copilot/copilot-custom-prompts/Simplify.md","size":370,"isDir":false},{"path":"copilot/copilot-custom-prompts/Summarize.md","size":307,"isDir":false},{"path":"copilot/copilot-custom-prompts/Translate to Chinese.md","size":369,"isDir":false},{"path":"fantastic.md","size":1158,"isDir":false},{"path":"Pasted image 20251126104729.png","size":0,"isDir":false},{"path":"Pasted image 20251126104759.png","size":0,"isDir":false},{"path":"检索报告方案.md","size":148,"isDir":false}]],"type":"debug","level":4,"tag":""}

{"date":"2025-12-05T15:26:54.518Z","args":[{"reason":"local file exists without a remote file","remotePath":"/黄宁的Obsidian2025.12.5/医学免疫学 (曹雪涛) (Z-Library).pdf","localPath":"医学免疫学 (曹雪涛) (Z-Library).pdf","conditions":{"recordExists":false,"remoteExists":false,"localExists":true}}],"type":"debug","level":4,"tag":""}

{"date":"2025-12-05T15:27:54.601Z","args":["local Stats",[{"path":"2025-11-25 光电子选修.md","size":761,"isDir":false},{"path":"2025-11-28.md","size":428,"isDir":false},{"path":"2025-11-29.md","size":192,"isDir":false},{"path":"2025-11-30.md","size":0,"isDir":false},{"path":"2025-10-18.md","size":35,"isDir":false},{"path":"2025-11-29 2.md","size":736,"isDir":false},{"path":"2025-12-02.md","size":821,"isDir":false},{"path":"4fbefc405337a64aec5d8516d404f12f.jpg","size":131552,"isDir":false},{"path":"医学免疫学 (曹雪涛) (Z-Library) - 快捷方式.lnk","size":1326,"isDir":false},{"path":"医学免疫学 (曹雪涛) (Z-Library).pdf","size":37572902,"isDir":false},{"path":"2025-12-04.md","size":90,"isDir":false},{"path":"微信图片_20240902223827.jpg","size":92572,"isDir":false},{"path":"未命名 1.md","size":0,"isDir":false},{"path":"未命名 2.md","size":0,"isDir":false},{"path":"未命名.base","size":40,"isDir":false},{"path":"未命名.md","size":0,"isDir":false},{"path":"欢迎.md","size":856,"isDir":false},{"path":"fantastic.md","size":1158,"isDir":false},{"path":"Pasted image 20251126104729.png","size":0,"isDir":false},{"path":"Pasted image 20251126104759.png","size":0,"isDir":false},{"path":"检索报告方案.md","size":148,"isDir":false},{"path":"OneNote","isDir":true},{"path":"copilot","isDir":true},{"path":"Doc","isDir":true},{"path":"copilot/copilot-custom-prompts","isDir":true},{"path":"copilot/copilot-custom-prompts/Emojify.md","size":470,"isDir":false},{"path":"copilot/copilot-custom-prompts/Explain like I am 5.md","size":388,"isDir":false},{"path":"copilot/copilot-custom-prompts/Fix grammar and spelling.md","size":350,"isDir":false},{"path":"copilot/copilot-custom-prompts/Generate glossary.md","size":353,"isDir":false},{"path":"copilot/copilot-custom-prompts/Generate table of contents.md","size":357,"isDir":false},{"path":"copilot/copilot-custom-prompts/Make longer.md","size":379,"isDir":false},{"path":"copilot/copilot-custom-prompts/Make shorter.md","size":373,"isDir":false},{"path":"copilot/copilot-custom-prompts/Remove URLs.md","size":347,"isDir":false},{"path":"copilot/copilot-custom-prompts/Rewrite as tweet thread.md","size":500,"isDir":false},{"path":"copilot/copilot-custom-prompts/Rewrite as tweet.md","size":376,"isDir":false},{"path":"copilot/copilot-custom-prompts/Simplify.md","size":370,"isDir":false},{"path":"copilot/copilot-custom-prompts/Summarize.md","size":307,"isDir":false},{"path":"copilot/copilot-custom-prompts/Translate to Chinese.md","size":369,"isDir":false}]],"type":"debug","level":4,"tag":""}

{"date":"2025-12-05T15:27:54.601Z","args":["remote Stats",[{"path":"OneNote","isDir":true},{"path":"copilot","isDir":true},{"path":"Doc","isDir":true},{"path":"copilot/copilot-custom-prompts","isDir":true},{"path":"2025-11-25 光电子选修.md","size":761,"isDir":false},{"path":"2025-11-28.md","size":428,"isDir":false},{"path":"2025-11-29.md","size":192,"isDir":false},{"path":"2025-11-30.md","size":0,"isDir":false},{"path":"2025-10-18.md","size":35,"isDir":false},{"path":"2025-11-29 2.md","size":736,"isDir":false},{"path":"2025-12-02.md","size":821,"isDir":false},{"path":"4fbefc405337a64aec5d8516d404f12f.jpg","size":131552,"isDir":false},{"path":"医学免疫学 (曹雪涛) (Z-Library) - 快捷方式.lnk","size":1326,"isDir":false},{"path":"2025-12-04.md","size":90,"isDir":false},{"path":"微信图片_20240902223827.jpg","size":92572,"isDir":false},{"path":"未命名 1.md","size":0,"isDir":false},{"path":"未命名 2.md","size":0,"isDir":false},{"path":"未命名.base","size":40,"isDir":false},{"path":"未命名.md","size":0,"isDir":false},{"path":"欢迎.md","size":856,"isDir":false},{"path":"copilot/copilot-custom-prompts/Emojify.md","size":470,"isDir":false},{"path":"copilot/copilot-custom-prompts/Explain like I am 5.md","size":388,"isDir":false},{"path":"copilot/copilot-custom-prompts/Fix grammar and spelling.md","size":350,"isDir":false},{"path":"copilot/copilot-custom-prompts/Generate glossary.md","size":353,"isDir":false},{"path":"copilot/copilot-custom-prompts/Generate table of contents.md","size":357,"isDir":false},{"path":"copilot/copilot-custom-prompts/Make longer.md","size":379,"isDir":false},{"path":"copilot/copilot-custom-prompts/Make shorter.md","size":373,"isDir":false},{"path":"copilot/copilot-custom-prompts/Remove URLs.md","size":347,"isDir":false},{"path":"copilot/copilot-custom-prompts/Rewrite as tweet thread.md","size":500,"isDir":false},{"path":"copilot/copilot-custom-prompts/Rewrite as tweet.md","size":376,"isDir":false},{"path":"copilot/copilot-custom-prompts/Simplify.md","size":370,"isDir":false},{"path":"copilot/copilot-custom-prompts/Summarize.md","size":307,"isDir":false},{"path":"copilot/copilot-custom-prompts/Translate to Chinese.md","size":369,"isDir":false},{"path":"fantastic.md","size":1158,"isDir":false},{"path":"Pasted image 20251126104729.png","size":0,"isDir":false},{"path":"Pasted image 20251126104759.png","size":0,"isDir":false},{"path":"检索报告方案.md","size":148,"isDir":false}]],"type":"debug","level":4,"tag":""}

{"date":"2025-12-05T15:27:54.601Z","args":[{"reason":"local file exists without a remote file","remotePath":"/黄宁的Obsidian2025.12.5/医学免疫学 (曹雪涛) (Z-Library).pdf","localPath":"医学免疫学 (曹雪涛) (Z-Library).pdf","conditions":{"recordExists":false,"remoteExists":false,"localExists":true}}],"type":"debug","level":4,"tag":""}

{"date":"2025-12-05T15:28:54.735Z","args":["local Stats",[{"path":"2025-11-25 光电子选修.md","size":761,"isDir":false},{"path":"2025-11-28.md","size":428,"isDir":false},{"path":"2025-11-29.md","size":192,"isDir":false},{"path":"2025-11-30.md","size":0,"isDir":false},{"path":"2025-10-18.md","size":35,"isDir":false},{"path":"2025-11-29 2.md","size":736,"isDir":false},{"path":"2025-12-02.md","size":821,"isDir":false},{"path":"4fbefc405337a64aec5d8516d404f12f.jpg","size":131552,"isDir":false},{"path":"医学免疫学 (曹雪涛) (Z-Library) - 快捷方式.lnk","size":1326,"isDir":false},{"path":"医学免疫学 (曹雪涛) (Z-Library).pdf","size":37572902,"isDir":false},{"path":"2025-12-04.md","size":90,"isDir":false},{"path":"微信图片_20240902223827.jpg","size":92572,"isDir":false},{"path":"未命名 1.md","size":0,"isDir":false},{"path":"未命名 2.md","size":0,"isDir":false},{"path":"未命名.base","size":40,"isDir":false},{"path":"未命名.md","size":0,"isDir":false},{"path":"欢迎.md","size":856,"isDir":false},{"path":"fantastic.md","size":1158,"isDir":false},{"path":"Pasted image 20251126104729.png","size":0,"isDir":false},{"path":"Pasted image 20251126104759.png","size":0,"isDir":false},{"path":"检索报告方案.md","size":148,"isDir":false},{"path":"OneNote","isDir":true},{"path":"copilot","isDir":true},{"path":"Doc","isDir":true},{"path":"copilot/copilot-custom-prompts","isDir":true},{"path":"copilot/copilot-custom-prompts/Emojify.md","size":470,"isDir":false},{"path":"copilot/copilot-custom-prompts/Explain like I am 5.md","size":388,"isDir":false},{"path":"copilot/copilot-custom-prompts/Fix grammar and spelling.md","size":350,"isDir":false},{"path":"copilot/copilot-custom-prompts/Generate glossary.md","size":353,"isDir":false},{"path":"copilot/copilot-custom-prompts/Generate table of contents.md","size":357,"isDir":false},{"path":"copilot/copilot-custom-prompts/Make longer.md","size":379,"isDir":false},{"path":"copilot/copilot-custom-prompts/Make shorter.md","size":373,"isDir":false},{"path":"copilot/copilot-custom-prompts/Remove URLs.md","size":347,"isDir":false},{"path":"copilot/copilot-custom-prompts/Rewrite as tweet thread.md","size":500,"isDir":false},{"path":"copilot/copilot-custom-prompts/Rewrite as tweet.md","size":376,"isDir":false},{"path":"copilot/copilot-custom-prompts/Simplify.md","size":370,"isDir":false},{"path":"copilot/copilot-custom-prompts/Summarize.md","size":307,"isDir":false},{"path":"copilot/copilot-custom-prompts/Translate to Chinese.md","size":369,"isDir":false}]],"type":"debug","level":4,"tag":""}

{"date":"2025-12-05T15:28:54.735Z","args":["remote Stats",[{"path":"OneNote","isDir":true},{"path":"copilot","isDir":true},{"path":"Doc","isDir":true},{"path":"copilot/copilot-custom-prompts","isDir":true},{"path":"2025-11-25 光电子选修.md","size":761,"isDir":false},{"path":"2025-11-28.md","size":428,"isDir":false},{"path":"2025-11-29.md","size":192,"isDir":false},{"path":"2025-11-30.md","size":0,"isDir":false},{"path":"2025-10-18.md","size":35,"isDir":false},{"path":"2025-11-29 2.md","size":736,"isDir":false},{"path":"2025-12-02.md","size":821,"isDir":false},{"path":"4fbefc405337a64aec5d8516d404f12f.jpg","size":131552,"isDir":false},{"path":"医学免疫学 (曹雪涛) (Z-Library) - 快捷方式.lnk","size":1326,"isDir":false},{"path":"2025-12-04.md","size":90,"isDir":false},{"path":"微信图片_20240902223827.jpg","size":92572,"isDir":false},{"path":"未命名 1.md","size":0,"isDir":false},{"path":"未命名 2.md","size":0,"isDir":false},{"path":"未命名.base","size":40,"isDir":false},{"path":"未命名.md","size":0,"isDir":false},{"path":"欢迎.md","size":856,"isDir":false},{"path":"copilot/copilot-custom-prompts/Emojify.md","size":470,"isDir":false},{"path":"copilot/copilot-custom-prompts/Explain like I am 5.md","size":388,"isDir":false},{"path":"copilot/copilot-custom-prompts/Fix grammar and spelling.md","size":350,"isDir":false},{"path":"copilot/copilot-custom-prompts/Generate glossary.md","size":353,"isDir":false},{"path":"copilot/copilot-custom-prompts/Generate table of contents.md","size":357,"isDir":false},{"path":"copilot/copilot-custom-prompts/Make longer.md","size":379,"isDir":false},{"path":"copilot/copilot-custom-prompts/Make shorter.md","size":373,"isDir":false},{"path":"copilot/copilot-custom-prompts/Remove URLs.md","size":347,"isDir":false},{"path":"copilot/copilot-custom-prompts/Rewrite as tweet thread.md","size":500,"isDir":false},{"path":"copilot/copilot-custom-prompts/Rewrite as tweet.md","size":376,"isDir":false},{"path":"copilot/copilot-custom-prompts/Simplify.md","size":370,"isDir":false},{"path":"copilot/copilot-custom-prompts/Summarize.md","size":307,"isDir":false},{"path":"copilot/copilot-custom-prompts/Translate to Chinese.md","size":369,"isDir":false},{"path":"fantastic.md","size":1158,"isDir":false},{"path":"Pasted image 20251126104729.png","size":0,"isDir":false},{"path":"Pasted image 20251126104759.png","size":0,"isDir":false},{"path":"检索报告方案.md","size":148,"isDir":false}]],"type":"debug","level":4,"tag":""}

{"date":"2025-12-05T15:28:54.735Z","args":[{"reason":"local file exists without a remote file","remotePath":"/黄宁的Obsidian2025.12.5/医学免疫学 (曹雪涛) (Z-Library).pdf","localPath":"医学免疫学 (曹雪涛) (Z-Library).pdf","conditions":{"recordExists":false,"remoteExists":false,"localExists":true}}],"type":"debug","level":4,"tag":""}

{"date":"2025-12-05T15:29:54.832Z","args":["local Stats",[{"path":"2025-11-25 光电子选修.md","size":761,"isDir":false},{"path":"2025-11-28.md","size":428,"isDir":false},{"path":"2025-11-29.md","size":192,"isDir":false},{"path":"2025-11-30.md","size":0,"isDir":false},{"path":"2025-10-18.md","size":35,"isDir":false},{"path":"2025-11-29 2.md","size":736,"isDir":false},{"path":"2025-12-02.md","size":821,"isDir":false},{"path":"4fbefc405337a64aec5d8516d404f12f.jpg","size":131552,"isDir":false},{"path":"医学免疫学 (曹雪涛) (Z-Library) - 快捷方式.lnk","size":1326,"isDir":false},{"path":"医学免疫学 (曹雪涛) (Z-Library).pdf","size":37572902,"isDir":false},{"path":"2025-12-04.md","size":90,"isDir":false},{"path":"微信图片_20240902223827.jpg","size":92572,"isDir":false},{"path":"未命名 1.md","size":0,"isDir":false},{"path":"未命名 2.md","size":0,"isDir":false},{"path":"未命名.base","size":40,"isDir":false},{"path":"未命名.md","size":0,"isDir":false},{"path":"欢迎.md","size":856,"isDir":false},{"path":"fantastic.md","size":1158,"isDir":false},{"path":"Pasted image 20251126104729.png","size":0,"isDir":false},{"path":"Pasted image 20251126104759.png","size":0,"isDir":false},{"path":"检索报告方案.md","size":148,"isDir":false},{"path":"OneNote","isDir":true},{"path":"copilot","isDir":true},{"path":"Doc","isDir":true},{"path":"copilot/copilot-custom-prompts","isDir":true},{"path":"copilot/copilot-custom-prompts/Emojify.md","size":470,"isDir":false},{"path":"copilot/copilot-custom-prompts/Explain like I am 5.md","size":388,"isDir":false},{"path":"copilot/copilot-custom-prompts/Fix grammar and spelling.md","size":350,"isDir":false},{"path":"copilot/copilot-custom-prompts/Generate glossary.md","size":353,"isDir":false},{"path":"copilot/copilot-custom-prompts/Generate table of contents.md","size":357,"isDir":false},{"path":"copilot/copilot-custom-prompts/Make longer.md","size":379,"isDir":false},{"path":"copilot/copilot-custom-prompts/Make shorter.md","size":373,"isDir":false},{"path":"copilot/copilot-custom-prompts/Remove URLs.md","size":347,"isDir":false},{"path":"copilot/copilot-custom-prompts/Rewrite as tweet thread.md","size":500,"isDir":false},{"path":"copilot/copilot-custom-prompts/Rewrite as tweet.md","size":376,"isDir":false},{"path":"copilot/copilot-custom-prompts/Simplify.md","size":370,"isDir":false},{"path":"copilot/copilot-custom-prompts/Summarize.md","size":307,"isDir":false},{"path":"copilot/copilot-custom-prompts/Translate to Chinese.md","size":369,"isDir":false}]],"type":"debug","level":4,"tag":""}

{"date":"2025-12-05T15:29:54.832Z","args":["remote Stats",[{"path":"OneNote","isDir":true},{"path":"copilot","isDir":true},{"path":"Doc","isDir":true},{"path":"copilot/copilot-custom-prompts","isDir":true},{"path":"2025-11-25 光电子选修.md","size":761,"isDir":false},{"path":"2025-11-28.md","size":428,"isDir":false},{"path":"2025-11-29.md","size":192,"isDir":false},{"path":"2025-11-30.md","size":0,"isDir":false},{"path":"2025-10-18.md","size":35,"isDir":false},{"path":"2025-11-29 2.md","size":736,"isDir":false},{"path":"2025-12-02.md","size":821,"isDir":false},{"path":"4fbefc405337a64aec5d8516d404f12f.jpg","size":131552,"isDir":false},{"path":"医学免疫学 (曹雪涛) (Z-Library) - 快捷方式.lnk","size":1326,"isDir":false},{"path":"2025-12-04.md","size":90,"isDir":false},{"path":"微信图片_20240902223827.jpg","size":92572,"isDir":false},{"path":"未命名 1.md","size":0,"isDir":false},{"path":"未命名 2.md","size":0,"isDir":false},{"path":"未命名.base","size":40,"isDir":false},{"path":"未命名.md","size":0,"isDir":false},{"path":"欢迎.md","size":856,"isDir":false},{"path":"copilot/copilot-custom-prompts/Emojify.md","size":470,"isDir":false},{"path":"copilot/copilot-custom-prompts/Explain like I am 5.md","size":388,"isDir":false},{"path":"copilot/copilot-custom-prompts/Fix grammar and spelling.md","size":350,"isDir":false},{"path":"copilot/copilot-custom-prompts/Generate glossary.md","size":353,"isDir":false},{"path":"copilot/copilot-custom-prompts/Generate table of contents.md","size":357,"isDir":false},{"path":"copilot/copilot-custom-prompts/Make longer.md","size":379,"isDir":false},{"path":"copilot/copilot-custom-prompts/Make shorter.md","size":373,"isDir":false},{"path":"copilot/copilot-custom-prompts/Remove URLs.md","size":347,"isDir":false},{"path":"copilot/copilot-custom-prompts/Rewrite as tweet thread.md","size":500,"isDir":false},{"path":"copilot/copilot-custom-prompts/Rewrite as tweet.md","size":376,"isDir":false},{"path":"copilot/copilot-custom-prompts/Simplify.md","size":370,"isDir":false},{"path":"copilot/copilot-custom-prompts/Summarize.md","size":307,"isDir":false},{"path":"copilot/copilot-custom-prompts/Translate to Chinese.md","size":369,"isDir":false},{"path":"fantastic.md","size":1158,"isDir":false},{"path":"Pasted image 20251126104729.png","size":0,"isDir":false},{"path":"Pasted image 20251126104759.png","size":0,"isDir":false},{"path":"检索报告方案.md","size":148,"isDir":false}]],"type":"debug","level":4,"tag":""}

{"date":"2025-12-05T15:29:54.832Z","args":[{"reason":"local file exists without a remote file","remotePath":"/黄宁的Obsidian2025.12.5/医学免疫学 (曹雪涛) (Z-Library).pdf","localPath":"医学免疫学 (曹雪涛) (Z-Library).pdf","conditions":{"recordExists":false,"remoteExists":false,"localExists":true}}],"type":"debug","level":4,"tag":""}

{"date":"2025-12-05T15:30:54.516Z","args":["local Stats",[{"path":"2025-11-25 光电子选修.md","size":761,"isDir":false},{"path":"2025-11-28.md","size":428,"isDir":false},{"path":"2025-11-29.md","size":192,"isDir":false},{"path":"2025-11-30.md","size":0,"isDir":false},{"path":"2025-10-18.md","size":35,"isDir":false},{"path":"2025-11-29 2.md","size":736,"isDir":false},{"path":"2025-12-02.md","size":821,"isDir":false},{"path":"4fbefc405337a64aec5d8516d404f12f.jpg","size":131552,"isDir":false},{"path":"医学免疫学 (曹雪涛) (Z-Library) - 快捷方式.lnk","size":1326,"isDir":false},{"path":"医学免疫学 (曹雪涛) (Z-Library).pdf","size":37572902,"isDir":false},{"path":"2025-12-04.md","size":90,"isDir":false},{"path":"微信图片_20240902223827.jpg","size":92572,"isDir":false},{"path":"未命名 1.md","size":0,"isDir":false},{"path":"未命名 2.md","size":0,"isDir":false},{"path":"未命名.base","size":40,"isDir":false},{"path":"未命名.md","size":0,"isDir":false},{"path":"欢迎.md","size":856,"isDir":false},{"path":"fantastic.md","size":1158,"isDir":false},{"path":"Pasted image 20251126104729.png","size":0,"isDir":false},{"path":"Pasted image 20251126104759.png","size":0,"isDir":false},{"path":"检索报告方案.md","size":148,"isDir":false},{"path":"OneNote","isDir":true},{"path":"copilot","isDir":true},{"path":"Doc","isDir":true},{"path":"copilot/copilot-custom-prompts","isDir":true},{"path":"copilot/copilot-custom-prompts/Emojify.md","size":470,"isDir":false},{"path":"copilot/copilot-custom-prompts/Explain like I am 5.md","size":388,"isDir":false},{"path":"copilot/copilot-custom-prompts/Fix grammar and spelling.md","size":350,"isDir":false},{"path":"copilot/copilot-custom-prompts/Generate glossary.md","size":353,"isDir":false},{"path":"copilot/copilot-custom-prompts/Generate table of contents.md","size":357,"isDir":false},{"path":"copilot/copilot-custom-prompts/Make longer.md","size":379,"isDir":false},{"path":"copilot/copilot-custom-prompts/Make shorter.md","size":373,"isDir":false},{"path":"copilot/copilot-custom-prompts/Remove URLs.md","size":347,"isDir":false},{"path":"copilot/copilot-custom-prompts/Rewrite as tweet thread.md","size":500,"isDir":false},{"path":"copilot/copilot-custom-prompts/Rewrite as tweet.md","size":376,"isDir":false},{"path":"copilot/copilot-custom-prompts/Simplify.md","size":370,"isDir":false},{"path":"copilot/copilot-custom-prompts/Summarize.md","size":307,"isDir":false},{"path":"copilot/copilot-custom-prompts/Translate to Chinese.md","size":369,"isDir":false}]],"type":"debug","level":4,"tag":""}

{"date":"2025-12-05T15:30:54.516Z","args":["remote Stats",[{"path":"OneNote","isDir":true},{"path":"copilot","isDir":true},{"path":"Doc","isDir":true},{"path":"copilot/copilot-custom-prompts","isDir":true},{"path":"2025-11-25 光电子选修.md","size":761,"isDir":false},{"path":"2025-11-28.md","size":428,"isDir":false},{"path":"2025-11-29.md","size":192,"isDir":false},{"path":"2025-11-30.md","size":0,"isDir":false},{"path":"2025-10-18.md","size":35,"isDir":false},{"path":"2025-11-29 2.md","size":736,"isDir":false},{"path":"2025-12-02.md","size":821,"isDir":false},{"path":"4fbefc405337a64aec5d8516d404f12f.jpg","size":131552,"isDir":false},{"path":"医学免疫学 (曹雪涛) (Z-Library) - 快捷方式.lnk","size":1326,"isDir":false},{"path":"2025-12-04.md","size":90,"isDir":false},{"path":"微信图片_20240902223827.jpg","size":92572,"isDir":false},{"path":"未命名 1.md","size":0,"isDir":false},{"path":"未命名 2.md","size":0,"isDir":false},{"path":"未命名.base","size":40,"isDir":false},{"path":"未命名.md","size":0,"isDir":false},{"path":"欢迎.md","size":856,"isDir":false},{"path":"copilot/copilot-custom-prompts/Emojify.md","size":470,"isDir":false},{"path":"copilot/copilot-custom-prompts/Explain like I am 5.md","size":388,"isDir":false},{"path":"copilot/copilot-custom-prompts/Fix grammar and spelling.md","size":350,"isDir":false},{"path":"copilot/copilot-custom-prompts/Generate glossary.md","size":353,"isDir":false},{"path":"copilot/copilot-custom-prompts/Generate table of contents.md","size":357,"isDir":false},{"path":"copilot/copilot-custom-prompts/Make longer.md","size":379,"isDir":false},{"path":"copilot/copilot-custom-prompts/Make shorter.md","size":373,"isDir":false},{"path":"copilot/copilot-custom-prompts/Remove URLs.md","size":347,"isDir":false},{"path":"copilot/copilot-custom-prompts/Rewrite as tweet thread.md","size":500,"isDir":false},{"path":"copilot/copilot-custom-prompts/Rewrite as tweet.md","size":376,"isDir":false},{"path":"copilot/copilot-custom-prompts/Simplify.md","size":370,"isDir":false},{"path":"copilot/copilot-custom-prompts/Summarize.md","size":307,"isDir":false},{"path":"copilot/copilot-custom-prompts/Translate to Chinese.md","size":369,"isDir":false},{"path":"fantastic.md","size":1158,"isDir":false},{"path":"Pasted image 20251126104729.png","size":0,"isDir":false},{"path":"Pasted image 20251126104759.png","size":0,"isDir":false},{"path":"检索报告方案.md","size":148,"isDir":false}]],"type":"debug","level":4,"tag":""}

{"date":"2025-12-05T15:30:54.516Z","args":[{"reason":"local file exists without a remote file","remotePath":"/黄宁的Obsidian2025.12.5/医学免疫学 (曹雪涛) (Z-Library).pdf","localPath":"医学免疫学 (曹雪涛) (Z-Library).pdf","conditions":{"recordExists":false,"remoteExists":false,"localExists":true}}],"type":"debug","level":4,"tag":""}

{"date":"2025-12-05T15:31:54.495Z","args":["local Stats",[{"path":"2025-11-25 光电子选修.md","size":761,"isDir":false},{"path":"2025-11-28.md","size":428,"isDir":false},{"path":"2025-11-29.md","size":192,"isDir":false},{"path":"2025-11-30.md","size":0,"isDir":false},{"path":"2025-10-18.md","size":35,"isDir":false},{"path":"2025-11-29 2.md","size":736,"isDir":false},{"path":"2025-12-02.md","size":821,"isDir":false},{"path":"4fbefc405337a64aec5d8516d404f12f.jpg","size":131552,"isDir":false},{"path":"医学免疫学 (曹雪涛) (Z-Library) - 快捷方式.lnk","size":1326,"isDir":false},{"path":"医学免疫学 (曹雪涛) (Z-Library).pdf","size":37572902,"isDir":false},{"path":"2025-12-04.md","size":90,"isDir":false},{"path":"微信图片_20240902223827.jpg","size":92572,"isDir":false},{"path":"未命名 1.md","size":0,"isDir":false},{"path":"未命名 2.md","size":0,"isDir":false},{"path":"未命名.base","size":40,"isDir":false},{"path":"未命名.md","size":0,"isDir":false},{"path":"欢迎.md","size":856,"isDir":false},{"path":"fantastic.md","size":1158,"isDir":false},{"path":"Pasted image 20251126104729.png","size":0,"isDir":false},{"path":"Pasted image 20251126104759.png","size":0,"isDir":false},{"path":"检索报告方案.md","size":148,"isDir":false},{"path":"OneNote","isDir":true},{"path":"copilot","isDir":true},{"path":"Doc","isDir":true},{"path":"copilot/copilot-custom-prompts","isDir":true},{"path":"copilot/copilot-custom-prompts/Emojify.md","size":470,"isDir":false},{"path":"copilot/copilot-custom-prompts/Explain like I am 5.md","size":388,"isDir":false},{"path":"copilot/copilot-custom-prompts/Fix grammar and spelling.md","size":350,"isDir":false},{"path":"copilot/copilot-custom-prompts/Generate glossary.md","size":353,"isDir":false},{"path":"copilot/copilot-custom-prompts/Generate table of contents.md","size":357,"isDir":false},{"path":"copilot/copilot-custom-prompts/Make longer.md","size":379,"isDir":false},{"path":"copilot/copilot-custom-prompts/Make shorter.md","size":373,"isDir":false},{"path":"copilot/copilot-custom-prompts/Remove URLs.md","size":347,"isDir":false},{"path":"copilot/copilot-custom-prompts/Rewrite as tweet thread.md","size":500,"isDir":false},{"path":"copilot/copilot-custom-prompts/Rewrite as tweet.md","size":376,"isDir":false},{"path":"copilot/copilot-custom-prompts/Simplify.md","size":370,"isDir":false},{"path":"copilot/copilot-custom-prompts/Summarize.md","size":307,"isDir":false},{"path":"copilot/copilot-custom-prompts/Translate to Chinese.md","size":369,"isDir":false}]],"type":"debug","level":4,"tag":""}

{"date":"2025-12-05T15:31:54.495Z","args":["remote Stats",[{"path":"OneNote","isDir":true},{"path":"copilot","isDir":true},{"path":"Doc","isDir":true},{"path":"copilot/copilot-custom-prompts","isDir":true},{"path":"2025-11-25 光电子选修.md","size":761,"isDir":false},{"path":"2025-11-28.md","size":428,"isDir":false},{"path":"2025-11-29.md","size":192,"isDir":false},{"path":"2025-11-30.md","size":0,"isDir":false},{"path":"2025-10-18.md","size":35,"isDir":false},{"path":"2025-11-29 2.md","size":736,"isDir":false},{"path":"2025-12-02.md","size":821,"isDir":false},{"path":"4fbefc405337a64aec5d8516d404f12f.jpg","size":131552,"isDir":false},{"path":"医学免疫学 (曹雪涛) (Z-Library) - 快捷方式.lnk","size":1326,"isDir":false},{"path":"2025-12-04.md","size":90,"isDir":false},{"path":"微信图片_20240902223827.jpg","size":92572,"isDir":false},{"path":"未命名 1.md","size":0,"isDir":false},{"path":"未命名 2.md","size":0,"isDir":false},{"path":"未命名.base","size":40,"isDir":false},{"path":"未命名.md","size":0,"isDir":false},{"path":"欢迎.md","size":856,"isDir":false},{"path":"copilot/copilot-custom-prompts/Emojify.md","size":470,"isDir":false},{"path":"copilot/copilot-custom-prompts/Explain like I am 5.md","size":388,"isDir":false},{"path":"copilot/copilot-custom-prompts/Fix grammar and spelling.md","size":350,"isDir":false},{"path":"copilot/copilot-custom-prompts/Generate glossary.md","size":353,"isDir":false},{"path":"copilot/copilot-custom-prompts/Generate table of contents.md","size":357,"isDir":false},{"path":"copilot/copilot-custom-prompts/Make longer.md","size":379,"isDir":false},{"path":"copilot/copilot-custom-prompts/Make shorter.md","size":373,"isDir":false},{"path":"copilot/copilot-custom-prompts/Remove URLs.md","size":347,"isDir":false},{"path":"copilot/copilot-custom-prompts/Rewrite as tweet thread.md","size":500,"isDir":false},{"path":"copilot/copilot-custom-prompts/Rewrite as tweet.md","size":376,"isDir":false},{"path":"copilot/copilot-custom-prompts/Simplify.md","size":370,"isDir":false},{"path":"copilot/copilot-custom-prompts/Summarize.md","size":307,"isDir":false},{"path":"copilot/copilot-custom-prompts/Translate to Chinese.md","size":369,"isDir":false},{"path":"fantastic.md","size":1158,"isDir":false},{"path":"Pasted image 20251126104729.png","size":0,"isDir":false},{"path":"Pasted image 20251126104759.png","size":0,"isDir":false},{"path":"检索报告方案.md","size":148,"isDir":false}]],"type":"debug","level":4,"tag":""}

{"date":"2025-12-05T15:31:54.495Z","args":[{"reason":"local file exists without a remote file","remotePath":"/黄宁的Obsidian2025.12.5/医学免疫学 (曹雪涛) (Z-Library).pdf","localPath":"医学免疫学 (曹雪涛) (Z-Library).pdf","conditions":{"recordExists":false,"remoteExists":false,"localExists":true}}],"type":"debug","level":4,"tag":""}

{"date":"2025-12-05T15:32:54.767Z","args":["local Stats",[{"path":"2025-11-25 光电子选修.md","size":761,"isDir":false},{"path":"2025-11-28.md","size":428,"isDir":false},{"path":"2025-11-29.md","size":192,"isDir":false},{"path":"2025-11-30.md","size":0,"isDir":false},{"path":"2025-10-18.md","size":35,"isDir":false},{"path":"2025-11-29 2.md","size":736,"isDir":false},{"path":"2025-12-02.md","size":821,"isDir":false},{"path":"4fbefc405337a64aec5d8516d404f12f.jpg","size":131552,"isDir":false},{"path":"医学免疫学 (曹雪涛) (Z-Library) - 快捷方式.lnk","size":1326,"isDir":false},{"path":"医学免疫学 (曹雪涛) (Z-Library).pdf","size":37572902,"isDir":false},{"path":"2025-12-04.md","size":90,"isDir":false},{"path":"微信图片_20240902223827.jpg","size":92572,"isDir":false},{"path":"未命名 1.md","size":0,"isDir":false},{"path":"未命名 2.md","size":0,"isDir":false},{"path":"未命名.base","size":40,"isDir":false},{"path":"未命名.md","size":0,"isDir":false},{"path":"欢迎.md","size":856,"isDir":false},{"path":"fantastic.md","size":1158,"isDir":false},{"path":"Pasted image 20251126104729.png","size":0,"isDir":false},{"path":"Pasted image 20251126104759.png","size":0,"isDir":false},{"path":"检索报告方案.md","size":148,"isDir":false},{"path":"OneNote","isDir":true},{"path":"copilot","isDir":true},{"path":"Doc","isDir":true},{"path":"copilot/copilot-custom-prompts","isDir":true},{"path":"copilot/copilot-custom-prompts/Emojify.md","size":470,"isDir":false},{"path":"copilot/copilot-custom-prompts/Explain like I am 5.md","size":388,"isDir":false},{"path":"copilot/copilot-custom-prompts/Fix grammar and spelling.md","size":350,"isDir":false},{"path":"copilot/copilot-custom-prompts/Generate glossary.md","size":353,"isDir":false},{"path":"copilot/copilot-custom-prompts/Generate table of contents.md","size":357,"isDir":false},{"path":"copilot/copilot-custom-prompts/Make longer.md","size":379,"isDir":false},{"path":"copilot/copilot-custom-prompts/Make shorter.md","size":373,"isDir":false},{"path":"copilot/copilot-custom-prompts/Remove URLs.md","size":347,"isDir":false},{"path":"copilot/copilot-custom-prompts/Rewrite as tweet thread.md","size":500,"isDir":false},{"path":"copilot/copilot-custom-prompts/Rewrite as tweet.md","size":376,"isDir":false},{"path":"copilot/copilot-custom-prompts/Simplify.md","size":370,"isDir":false},{"path":"copilot/copilot-custom-prompts/Summarize.md","size":307,"isDir":false},{"path":"copilot/copilot-custom-prompts/Translate to Chinese.md","size":369,"isDir":false}]],"type":"debug","level":4,"tag":""}

{"date":"2025-12-05T15:32:54.767Z","args":["remote Stats",[{"path":"OneNote","isDir":true},{"path":"copilot","isDir":true},{"path":"Doc","isDir":true},{"path":"copilot/copilot-custom-prompts","isDir":true},{"path":"2025-11-25 光电子选修.md","size":761,"isDir":false},{"path":"2025-11-28.md","size":428,"isDir":false},{"path":"2025-11-29.md","size":192,"isDir":false},{"path":"2025-11-30.md","size":0,"isDir":false},{"path":"2025-10-18.md","size":35,"isDir":false},{"path":"2025-11-29 2.md","size":736,"isDir":false},{"path":"2025-12-02.md","size":821,"isDir":false},{"path":"4fbefc405337a64aec5d8516d404f12f.jpg","size":131552,"isDir":false},{"path":"医学免疫学 (曹雪涛) (Z-Library) - 快捷方式.lnk","size":1326,"isDir":false},{"path":"2025-12-04.md","size":90,"isDir":false},{"path":"微信图片_20240902223827.jpg","size":92572,"isDir":false},{"path":"未命名 1.md","size":0,"isDir":false},{"path":"未命名 2.md","size":0,"isDir":false},{"path":"未命名.base","size":40,"isDir":false},{"path":"未命名.md","size":0,"isDir":false},{"path":"欢迎.md","size":856,"isDir":false},{"path":"copilot/copilot-custom-prompts/Emojify.md","size":470,"isDir":false},{"path":"copilot/copilot-custom-prompts/Explain like I am 5.md","size":388,"isDir":false},{"path":"copilot/copilot-custom-prompts/Fix grammar and spelling.md","size":350,"isDir":false},{"path":"copilot/copilot-custom-prompts/Generate glossary.md","size":353,"isDir":false},{"path":"copilot/copilot-custom-prompts/Generate table of contents.md","size":357,"isDir":false},{"path":"copilot/copilot-custom-prompts/Make longer.md","size":379,"isDir":false},{"path":"copilot/copilot-custom-prompts/Make shorter.md","size":373,"isDir":false},{"path":"copilot/copilot-custom-prompts/Remove URLs.md","size":347,"isDir":false},{"path":"copilot/copilot-custom-prompts/Rewrite as tweet thread.md","size":500,"isDir":false},{"path":"copilot/copilot-custom-prompts/Rewrite as tweet.md","size":376,"isDir":false},{"path":"copilot/copilot-custom-prompts/Simplify.md","size":370,"isDir":false},{"path":"copilot/copilot-custom-prompts/Summarize.md","size":307,"isDir":false},{"path":"copilot/copilot-custom-prompts/Translate to Chinese.md","size":369,"isDir":false},{"path":"fantastic.md","size":1158,"isDir":false},{"path":"Pasted image 20251126104729.png","size":0,"isDir":false},{"path":"Pasted image 20251126104759.png","size":0,"isDir":false},{"path":"检索报告方案.md","size":148,"isDir":false}]],"type":"debug","level":4,"tag":""}

{"date":"2025-12-05T15:32:54.767Z","args":[{"reason":"local file exists without a remote file","remotePath":"/黄宁的Obsidian2025.12.5/医学免疫学 (曹雪涛) (Z-Library).pdf","localPath":"医学免疫学 (曹雪涛) (Z-Library).pdf","conditions":{"recordExists":false,"remoteExists":false,"localExists":true}}],"type":"debug","level":4,"tag":""}

{"date":"2025-12-05T15:33:54.563Z","args":["local Stats",[{"path":"2025-11-25 光电子选修.md","size":761,"isDir":false},{"path":"2025-11-28.md","size":428,"isDir":false},{"path":"2025-11-29.md","size":192,"isDir":false},{"path":"2025-11-30.md","size":0,"isDir":false},{"path":"2025-10-18.md","size":35,"isDir":false},{"path":"2025-11-29 2.md","size":736,"isDir":false},{"path":"2025-12-02.md","size":821,"isDir":false},{"path":"4fbefc405337a64aec5d8516d404f12f.jpg","size":131552,"isDir":false},{"path":"医学免疫学 (曹雪涛) (Z-Library) - 快捷方式.lnk","size":1326,"isDir":false},{"path":"医学免疫学 (曹雪涛) (Z-Library).pdf","size":37572902,"isDir":false},{"path":"2025-12-04.md","size":90,"isDir":false},{"path":"微信图片_20240902223827.jpg","size":92572,"isDir":false},{"path":"未命名 1.md","size":0,"isDir":false},{"path":"未命名 2.md","size":0,"isDir":false},{"path":"未命名.base","size":40,"isDir":false},{"path":"未命名.md","size":0,"isDir":false},{"path":"欢迎.md","size":856,"isDir":false},{"path":"fantastic.md","size":1158,"isDir":false},{"path":"Pasted image 20251126104729.png","size":0,"isDir":false},{"path":"Pasted image 20251126104759.png","size":0,"isDir":false},{"path":"检索报告方案.md","size":148,"isDir":false},{"path":"OneNote","isDir":true},{"path":"copilot","isDir":true},{"path":"Doc","isDir":true},{"path":"copilot/copilot-custom-prompts","isDir":true},{"path":"copilot/copilot-custom-prompts/Emojify.md","size":470,"isDir":false},{"path":"copilot/copilot-custom-prompts/Explain like I am 5.md","size":388,"isDir":false},{"path":"copilot/copilot-custom-prompts/Fix grammar and spelling.md","size":350,"isDir":false},{"path":"copilot/copilot-custom-prompts/Generate glossary.md","size":353,"isDir":false},{"path":"copilot/copilot-custom-prompts/Generate table of contents.md","size":357,"isDir":false},{"path":"copilot/copilot-custom-prompts/Make longer.md","size":379,"isDir":false},{"path":"copilot/copilot-custom-prompts/Make shorter.md","size":373,"isDir":false},{"path":"copilot/copilot-custom-prompts/Remove URLs.md","size":347,"isDir":false},{"path":"copilot/copilot-custom-prompts/Rewrite as tweet thread.md","size":500,"isDir":false},{"path":"copilot/copilot-custom-prompts/Rewrite as tweet.md","size":376,"isDir":false},{"path":"copilot/copilot-custom-prompts/Simplify.md","size":370,"isDir":false},{"path":"copilot/copilot-custom-prompts/Summarize.md","size":307,"isDir":false},{"path":"copilot/copilot-custom-prompts/Translate to Chinese.md","size":369,"isDir":false}]],"type":"debug","level":4,"tag":""}

{"date":"2025-12-05T15:33:54.563Z","args":["remote Stats",[{"path":"OneNote","isDir":true},{"path":"copilot","isDir":true},{"path":"Doc","isDir":true},{"path":"copilot/copilot-custom-prompts","isDir":true},{"path":"2025-11-25 光电子选修.md","size":761,"isDir":false},{"path":"2025-11-28.md","size":428,"isDir":false},{"path":"2025-11-29.md","size":192,"isDir":false},{"path":"2025-11-30.md","size":0,"isDir":false},{"path":"2025-10-18.md","size":35,"isDir":false},{"path":"2025-11-29 2.md","size":736,"isDir":false},{"path":"2025-12-02.md","size":821,"isDir":false},{"path":"4fbefc405337a64aec5d8516d404f12f.jpg","size":131552,"isDir":false},{"path":"医学免疫学 (曹雪涛) (Z-Library) - 快捷方式.lnk","size":1326,"isDir":false},{"path":"2025-12-04.md","size":90,"isDir":false},{"path":"微信图片_20240902223827.jpg","size":92572,"isDir":false},{"path":"未命名 1.md","size":0,"isDir":false},{"path":"未命名 2.md","size":0,"isDir":false},{"path":"未命名.base","size":40,"isDir":false},{"path":"未命名.md","size":0,"isDir":false},{"path":"欢迎.md","size":856,"isDir":false},{"path":"copilot/copilot-custom-prompts/Emojify.md","size":470,"isDir":false},{"path":"copilot/copilot-custom-prompts/Explain like I am 5.md","size":388,"isDir":false},{"path":"copilot/copilot-custom-prompts/Fix grammar and spelling.md","size":350,"isDir":false},{"path":"copilot/copilot-custom-prompts/Generate glossary.md","size":353,"isDir":false},{"path":"copilot/copilot-custom-prompts/Generate table of contents.md","size":357,"isDir":false},{"path":"copilot/copilot-custom-prompts/Make longer.md","size":379,"isDir":false},{"path":"copilot/copilot-custom-prompts/Make shorter.md","size":373,"isDir":false},{"path":"copilot/copilot-custom-prompts/Remove URLs.md","size":347,"isDir":false},{"path":"copilot/copilot-custom-prompts/Rewrite as tweet thread.md","size":500,"isDir":false},{"path":"copilot/copilot-custom-prompts/Rewrite as tweet.md","size":376,"isDir":false},{"path":"copilot/copilot-custom-prompts/Simplify.md","size":370,"isDir":false},{"path":"copilot/copilot-custom-prompts/Summarize.md","size":307,"isDir":false},{"path":"copilot/copilot-custom-prompts/Translate to Chinese.md","size":369,"isDir":false},{"path":"fantastic.md","size":1158,"isDir":false},{"path":"Pasted image 20251126104729.png","size":0,"isDir":false},{"path":"Pasted image 20251126104759.png","size":0,"isDir":false},{"path":"检索报告方案.md","size":148,"isDir":false}]],"type":"debug","level":4,"tag":""}

{"date":"2025-12-05T15:33:54.563Z","args":[{"reason":"local file exists without a remote file","remotePath":"/黄宁的Obsidian2025.12.5/医学免疫学 (曹雪涛) (Z-Library).pdf","localPath":"医学免疫学 (曹雪涛) (Z-Library).pdf","conditions":{"recordExists":false,"remoteExists":false,"localExists":true}}],"type":"debug","level":4,"tag":""}

{"date":"2025-12-05T15:34:54.895Z","args":["local Stats",[{"path":"2025-11-25 光电子选修.md","size":761,"isDir":false},{"path":"2025-11-28.md","size":428,"isDir":false},{"path":"2025-11-29.md","size":192,"isDir":false},{"path":"2025-11-30.md","size":0,"isDir":false},{"path":"2025-10-18.md","size":35,"isDir":false},{"path":"2025-11-29 2.md","size":736,"isDir":false},{"path":"2025-12-02.md","size":821,"isDir":false},{"path":"4fbefc405337a64aec5d8516d404f12f.jpg","size":131552,"isDir":false},{"path":"医学免疫学 (曹雪涛) (Z-Library) - 快捷方式.lnk","size":1326,"isDir":false},{"path":"医学免疫学 (曹雪涛) (Z-Library).pdf","size":37572902,"isDir":false},{"path":"2025-12-04.md","size":90,"isDir":false},{"path":"微信图片_20240902223827.jpg","size":92572,"isDir":false},{"path":"未命名 1.md","size":0,"isDir":false},{"path":"未命名 2.md","size":0,"isDir":false},{"path":"未命名.base","size":40,"isDir":false},{"path":"未命名.md","size":0,"isDir":false},{"path":"欢迎.md","size":856,"isDir":false},{"path":"fantastic.md","size":1158,"isDir":false},{"path":"Pasted image 20251126104729.png","size":0,"isDir":false},{"path":"Pasted image 20251126104759.png","size":0,"isDir":false},{"path":"检索报告方案.md","size":148,"isDir":false},{"path":"OneNote","isDir":true},{"path":"copilot","isDir":true},{"path":"Doc","isDir":true},{"path":"copilot/copilot-custom-prompts","isDir":true},{"path":"copilot/copilot-custom-prompts/Emojify.md","size":470,"isDir":false},{"path":"copilot/copilot-custom-prompts/Explain like I am 5.md","size":388,"isDir":false},{"path":"copilot/copilot-custom-prompts/Fix grammar and spelling.md","size":350,"isDir":false},{"path":"copilot/copilot-custom-prompts/Generate glossary.md","size":353,"isDir":false},{"path":"copilot/copilot-custom-prompts/Generate table of contents.md","size":357,"isDir":false},{"path":"copilot/copilot-custom-prompts/Make longer.md","size":379,"isDir":false},{"path":"copilot/copilot-custom-prompts/Make shorter.md","size":373,"isDir":false},{"path":"copilot/copilot-custom-prompts/Remove URLs.md","size":347,"isDir":false},{"path":"copilot/copilot-custom-prompts/Rewrite as tweet thread.md","size":500,"isDir":false},{"path":"copilot/copilot-custom-prompts/Rewrite as tweet.md","size":376,"isDir":false},{"path":"copilot/copilot-custom-prompts/Simplify.md","size":370,"isDir":false},{"path":"copilot/copilot-custom-prompts/Summarize.md","size":307,"isDir":false},{"path":"copilot/copilot-custom-prompts/Translate to Chinese.md","size":369,"isDir":false}]],"type":"debug","level":4,"tag":""}

{"date":"2025-12-05T15:34:54.895Z","args":["remote Stats",[{"path":"OneNote","isDir":true},{"path":"copilot","isDir":true},{"path":"Doc","isDir":true},{"path":"copilot/copilot-custom-prompts","isDir":true},{"path":"2025-11-25 光电子选修.md","size":761,"isDir":false},{"path":"2025-11-28.md","size":428,"isDir":false},{"path":"2025-11-29.md","size":192,"isDir":false},{"path":"2025-11-30.md","size":0,"isDir":false},{"path":"2025-10-18.md","size":35,"isDir":false},{"path":"2025-11-29 2.md","size":736,"isDir":false},{"path":"2025-12-02.md","size":821,"isDir":false},{"path":"4fbefc405337a64aec5d8516d404f12f.jpg","size":131552,"isDir":false},{"path":"医学免疫学 (曹雪涛) (Z-Library) - 快捷方式.lnk","size":1326,"isDir":false},{"path":"2025-12-04.md","size":90,"isDir":false},{"path":"微信图片_20240902223827.jpg","size":92572,"isDir":false},{"path":"未命名 1.md","size":0,"isDir":false},{"path":"未命名 2.md","size":0,"isDir":false},{"path":"未命名.base","size":40,"isDir":false},{"path":"未命名.md","size":0,"isDir":false},{"path":"欢迎.md","size":856,"isDir":false},{"path":"copilot/copilot-custom-prompts/Emojify.md","size":470,"isDir":false},{"path":"copilot/copilot-custom-prompts/Explain like I am 5.md","size":388,"isDir":false},{"path":"copilot/copilot-custom-prompts/Fix grammar and spelling.md","size":350,"isDir":false},{"path":"copilot/copilot-custom-prompts/Generate glossary.md","size":353,"isDir":false},{"path":"copilot/copilot-custom-prompts/Generate table of contents.md","size":357,"isDir":false},{"path":"copilot/copilot-custom-prompts/Make longer.md","size":379,"isDir":false},{"path":"copilot/copilot-custom-prompts/Make shorter.md","size":373,"isDir":false},{"path":"copilot/copilot-custom-prompts/Remove URLs.md","size":347,"isDir":false},{"path":"copilot/copilot-custom-prompts/Rewrite as tweet thread.md","size":500,"isDir":false},{"path":"copilot/copilot-custom-prompts/Rewrite as tweet.md","size":376,"isDir":false},{"path":"copilot/copilot-custom-prompts/Simplify.md","size":370,"isDir":false},{"path":"copilot/copilot-custom-prompts/Summarize.md","size":307,"isDir":false},{"path":"copilot/copilot-custom-prompts/Translate to Chinese.md","size":369,"isDir":false},{"path":"fantastic.md","size":1158,"isDir":false},{"path":"Pasted image 20251126104729.png","size":0,"isDir":false},{"path":"Pasted image 20251126104759.png","size":0,"isDir":false},{"path":"检索报告方案.md","size":148,"isDir":false}]],"type":"debug","level":4,"tag":""}

{"date":"2025-12-05T15:34:54.895Z","args":[{"reason":"local file exists without a remote file","remotePath":"/黄宁的Obsidian2025.12.5/医学免疫学 (曹雪涛) (Z-Library).pdf","localPath":"医学免疫学 (曹雪涛) (Z-Library).pdf","conditions":{"recordExists":false,"remoteExists":false,"localExists":true}}],"type":"debug","level":4,"tag":""}

{"date":"2025-12-05T15:35:54.578Z","args":["local Stats",[{"path":"2025-11-25 光电子选修.md","size":761,"isDir":false},{"path":"2025-11-28.md","size":428,"isDir":false},{"path":"2025-11-29.md","size":192,"isDir":false},{"path":"2025-11-30.md","size":0,"isDir":false},{"path":"2025-10-18.md","size":35,"isDir":false},{"path":"2025-11-29 2.md","size":736,"isDir":false},{"path":"2025-12-02.md","size":821,"isDir":false},{"path":"4fbefc405337a64aec5d8516d404f12f.jpg","size":131552,"isDir":false},{"path":"医学免疫学 (曹雪涛) (Z-Library) - 快捷方式.lnk","size":1326,"isDir":false},{"path":"医学免疫学 (曹雪涛) (Z-Library).pdf","size":37572902,"isDir":false},{"path":"2025-12-04.md","size":90,"isDir":false},{"path":"微信图片_20240902223827.jpg","size":92572,"isDir":false},{"path":"未命名 1.md","size":0,"isDir":false},{"path":"未命名 2.md","size":0,"isDir":false},{"path":"未命名.base","size":40,"isDir":false},{"path":"未命名.md","size":0,"isDir":false},{"path":"欢迎.md","size":856,"isDir":false},{"path":"fantastic.md","size":1158,"isDir":false},{"path":"Pasted image 20251126104729.png","size":0,"isDir":false},{"path":"Pasted image 20251126104759.png","size":0,"isDir":false},{"path":"检索报告方案.md","size":148,"isDir":false},{"path":"OneNote","isDir":true},{"path":"copilot","isDir":true},{"path":"Doc","isDir":true},{"path":"copilot/copilot-custom-prompts","isDir":true},{"path":"copilot/copilot-custom-prompts/Emojify.md","size":470,"isDir":false},{"path":"copilot/copilot-custom-prompts/Explain like I am 5.md","size":388,"isDir":false},{"path":"copilot/copilot-custom-prompts/Fix grammar and spelling.md","size":350,"isDir":false},{"path":"copilot/copilot-custom-prompts/Generate glossary.md","size":353,"isDir":false},{"path":"copilot/copilot-custom-prompts/Generate table of contents.md","size":357,"isDir":false},{"path":"copilot/copilot-custom-prompts/Make longer.md","size":379,"isDir":false},{"path":"copilot/copilot-custom-prompts/Make shorter.md","size":373,"isDir":false},{"path":"copilot/copilot-custom-prompts/Remove URLs.md","size":347,"isDir":false},{"path":"copilot/copilot-custom-prompts/Rewrite as tweet thread.md","size":500,"isDir":false},{"path":"copilot/copilot-custom-prompts/Rewrite as tweet.md","size":376,"isDir":false},{"path":"copilot/copilot-custom-prompts/Simplify.md","size":370,"isDir":false},{"path":"copilot/copilot-custom-prompts/Summarize.md","size":307,"isDir":false},{"path":"copilot/copilot-custom-prompts/Translate to Chinese.md","size":369,"isDir":false}]],"type":"debug","level":4,"tag":""}

{"date":"2025-12-05T15:35:54.578Z","args":["remote Stats",[{"path":"OneNote","isDir":true},{"path":"copilot","isDir":true},{"path":"Doc","isDir":true},{"path":"copilot/copilot-custom-prompts","isDir":true},{"path":"2025-11-25 光电子选修.md","size":761,"isDir":false},{"path":"2025-11-28.md","size":428,"isDir":false},{"path":"2025-11-29.md","size":192,"isDir":false},{"path":"2025-11-30.md","size":0,"isDir":false},{"path":"2025-10-18.md","size":35,"isDir":false},{"path":"2025-11-29 2.md","size":736,"isDir":false},{"path":"2025-12-02.md","size":821,"isDir":false},{"path":"4fbefc405337a64aec5d8516d404f12f.jpg","size":131552,"isDir":false},{"path":"医学免疫学 (曹雪涛) (Z-Library) - 快捷方式.lnk","size":1326,"isDir":false},{"path":"2025-12-04.md","size":90,"isDir":false},{"path":"微信图片_20240902223827.jpg","size":92572,"isDir":false},{"path":"未命名 1.md","size":0,"isDir":false},{"path":"未命名 2.md","size":0,"isDir":false},{"path":"未命名.base","size":40,"isDir":false},{"path":"未命名.md","size":0,"isDir":false},{"path":"欢迎.md","size":856,"isDir":false},{"path":"copilot/copilot-custom-prompts/Emojify.md","size":470,"isDir":false},{"path":"copilot/copilot-custom-prompts/Explain like I am 5.md","size":388,"isDir":false},{"path":"copilot/copilot-custom-prompts/Fix grammar and spelling.md","size":350,"isDir":false},{"path":"copilot/copilot-custom-prompts/Generate glossary.md","size":353,"isDir":false},{"path":"copilot/copilot-custom-prompts/Generate table of contents.md","size":357,"isDir":false},{"path":"copilot/copilot-custom-prompts/Make longer.md","size":379,"isDir":false},{"path":"copilot/copilot-custom-prompts/Make shorter.md","size":373,"isDir":false},{"path":"copilot/copilot-custom-prompts/Remove URLs.md","size":347,"isDir":false},{"path":"copilot/copilot-custom-prompts/Rewrite as tweet thread.md","size":500,"isDir":false},{"path":"copilot/copilot-custom-prompts/Rewrite as tweet.md","size":376,"isDir":false},{"path":"copilot/copilot-custom-prompts/Simplify.md","size":370,"isDir":false},{"path":"copilot/copilot-custom-prompts/Summarize.md","size":307,"isDir":false},{"path":"copilot/copilot-custom-prompts/Translate to Chinese.md","size":369,"isDir":false},{"path":"fantastic.md","size":1158,"isDir":false},{"path":"Pasted image 20251126104729.png","size":0,"isDir":false},{"path":"Pasted image 20251126104759.png","size":0,"isDir":false},{"path":"检索报告方案.md","size":148,"isDir":false},{"path":"ringtone","isDir":true},{"path":"HONOR Share","isDir":true},{"path":"camera","isDir":true},{"path":"ringtone/gamefree","isDir":true},{"path":"ringtone/gamefree/jly2","isDir":true}]],"type":"debug","level":4,"tag":""}

{"date":"2025-12-05T15:35:54.578Z","args":[{"reason":"local file exists without a remote file","remotePath":"/黄宁的Obsidian2025.12.5/医学免疫学 (曹雪涛) (Z-Library).pdf","localPath":"医学免疫学 (曹雪涛) (Z-Library).pdf","conditions":{"recordExists":false,"remoteExists":false,"localExists":true}}],"type":"debug","level":4,"tag":""}

{"date":"2025-12-05T15:35:54.579Z","args":[{"reason":"remote folder does not exist locally","remotePath":"/黄宁的Obsidian2025.12.5/ringtone","localPath":"ringtone","conditions":{"localExists":false,"recordExists":false}}],"type":"debug","level":4,"tag":""}

{"date":"2025-12-05T15:35:54.584Z","args":[{"reason":"remote folder does not exist locally","remotePath":"/黄宁的Obsidian2025.12.5/HONOR Share","localPath":"HONOR Share","conditions":{"localExists":false,"recordExists":false}}],"type":"debug","level":4,"tag":""}

{"date":"2025-12-05T15:35:54.584Z","args":[{"reason":"remote folder does not exist locally","remotePath":"/黄宁的Obsidian2025.12.5/camera","localPath":"camera","conditions":{"localExists":false,"recordExists":false}}],"type":"debug","level":4,"tag":""}

{"date":"2025-12-05T15:35:54.584Z","args":[{"reason":"remote folder does not exist locally","remotePath":"/黄宁的Obsidian2025.12.5/ringtone/gamefree","localPath":"ringtone/gamefree","conditions":{"localExists":false,"recordExists":false}}],"type":"debug","level":4,"tag":""}

{"date":"2025-12-05T15:35:54.584Z","args":[{"reason":"remote folder does not exist locally","remotePath":"/黄宁的Obsidian2025.12.5/ringtone/gamefree/jly2","localPath":"ringtone/gamefree/jly2","conditions":{"localExists":false,"recordExists":false}}],"type":"debug","level":4,"tag":""}

{"date":"2025-12-05T15:35:55.513Z","args":["local Stats",[{"path":"2025-11-25 光电子选修.md","size":761,"isDir":false},{"path":"2025-11-28.md","size":428,"isDir":false},{"path":"2025-11-29.md","size":192,"isDir":false},{"path":"2025-11-30.md","size":0,"isDir":false},{"path":"2025-10-18.md","size":35,"isDir":false},{"path":"2025-11-29 2.md","size":736,"isDir":false},{"path":"2025-12-02.md","size":821,"isDir":false},{"path":"4fbefc405337a64aec5d8516d404f12f.jpg","size":131552,"isDir":false},{"path":"医学免疫学 (曹雪涛) (Z-Library) - 快捷方式.lnk","size":1326,"isDir":false},{"path":"医学免疫学 (曹雪涛) (Z-Library).pdf","size":37572902,"isDir":false},{"path":"2025-12-04.md","size":90,"isDir":false},{"path":"微信图片_20240902223827.jpg","size":92572,"isDir":false},{"path":"未命名 1.md","size":0,"isDir":false},{"path":"未命名 2.md","size":0,"isDir":false},{"path":"未命名.base","size":40,"isDir":false},{"path":"未命名.md","size":0,"isDir":false},{"path":"欢迎.md","size":856,"isDir":false},{"path":"fantastic.md","size":1158,"isDir":false},{"path":"Pasted image 20251126104729.png","size":0,"isDir":false},{"path":"Pasted image 20251126104759.png","size":0,"isDir":false},{"path":"检索报告方案.md","size":148,"isDir":false},{"path":"OneNote","isDir":true},{"path":"copilot","isDir":true},{"path":"Doc","isDir":true},{"path":"copilot/copilot-custom-prompts","isDir":true},{"path":"copilot/copilot-custom-prompts/Emojify.md","size":470,"isDir":false},{"path":"copilot/copilot-custom-prompts/Explain like I am 5.md","size":388,"isDir":false},{"path":"copilot/copilot-custom-prompts/Fix grammar and spelling.md","size":350,"isDir":false},{"path":"copilot/copilot-custom-prompts/Generate glossary.md","size":353,"isDir":false},{"path":"copilot/copilot-custom-prompts/Generate table of contents.md","size":357,"isDir":false},{"path":"copilot/copilot-custom-prompts/Make longer.md","size":379,"isDir":false},{"path":"copilot/copilot-custom-prompts/Make shorter.md","size":373,"isDir":false},{"path":"copilot/copilot-custom-prompts/Remove URLs.md","size":347,"isDir":false},{"path":"copilot/copilot-custom-prompts/Rewrite as tweet thread.md","size":500,"isDir":false},{"path":"copilot/copilot-custom-prompts/Rewrite as tweet.md","size":376,"isDir":false},{"path":"copilot/copilot-custom-prompts/Simplify.md","size":370,"isDir":false},{"path":"copilot/copilot-custom-prompts/Summarize.md","size":307,"isDir":false},{"path":"copilot/copilot-custom-prompts/Translate to Chinese.md","size":369,"isDir":false}]],"type":"debug","level":4,"tag":""}

{"date":"2025-12-05T15:35:55.514Z","args":["remote Stats",[{"path":"OneNote","isDir":true},{"path":"copilot","isDir":true},{"path":"Doc","isDir":true},{"path":"copilot/copilot-custom-prompts","isDir":true},{"path":"2025-11-25 光电子选修.md","size":761,"isDir":false},{"path":"2025-11-28.md","size":428,"isDir":false},{"path":"2025-11-29.md","size":192,"isDir":false},{"path":"2025-11-30.md","size":0,"isDir":false},{"path":"2025-10-18.md","size":35,"isDir":false},{"path":"2025-11-29 2.md","size":736,"isDir":false},{"path":"2025-12-02.md","size":821,"isDir":false},{"path":"4fbefc405337a64aec5d8516d404f12f.jpg","size":131552,"isDir":false},{"path":"医学免疫学 (曹雪涛) (Z-Library) - 快捷方式.lnk","size":1326,"isDir":false},{"path":"2025-12-04.md","size":90,"isDir":false},{"path":"微信图片_20240902223827.jpg","size":92572,"isDir":false},{"path":"未命名 1.md","size":0,"isDir":false},{"path":"未命名 2.md","size":0,"isDir":false},{"path":"未命名.base","size":40,"isDir":false},{"path":"未命名.md","size":0,"isDir":false},{"path":"欢迎.md","size":856,"isDir":false},{"path":"copilot/copilot-custom-prompts/Emojify.md","size":470,"isDir":false},{"path":"copilot/copilot-custom-prompts/Explain like I am 5.md","size":388,"isDir":false},{"path":"copilot/copilot-custom-prompts/Fix grammar and spelling.md","size":350,"isDir":false},{"path":"copilot/copilot-custom-prompts/Generate glossary.md","size":353,"isDir":false},{"path":"copilot/copilot-custom-prompts/Generate table of contents.md","size":357,"isDir":false},{"path":"copilot/copilot-custom-prompts/Make longer.md","size":379,"isDir":false},{"path":"copilot/copilot-custom-prompts/Make shorter.md","size":373,"isDir":false},{"path":"copilot/copilot-custom-prompts/Remove URLs.md","size":347,"isDir":false},{"path":"copilot/copilot-custom-prompts/Rewrite as tweet thread.md","size":500,"isDir":false},{"path":"copilot/copilot-custom-prompts/Rewrite as tweet.md","size":376,"isDir":false},{"path":"copilot/copilot-custom-prompts/Simplify.md","size":370,"isDir":false},{"path":"copilot/copilot-custom-prompts/Summarize.md","size":307,"isDir":false},{"path":"copilot/copilot-custom-prompts/Translate to Chinese.md","size":369,"isDir":false},{"path":"fantastic.md","size":1158,"isDir":false},{"path":"Pasted image 20251126104729.png","size":0,"isDir":false},{"path":"Pasted image 20251126104759.png","size":0,"isDir":false},{"path":"检索报告方案.md","size":148,"isDir":false},{"path":"ringtone","isDir":true},{"path":"HONOR Share","isDir":true},{"path":"camera","isDir":true},{"path":"ringtone/gamefree","isDir":true},{"path":"ringtone/gamefree/jly2","isDir":true}]],"type":"debug","level":4,"tag":""}

{"date":"2025-12-05T15:35:55.514Z","args":[{"reason":"local file exists without a remote file","remotePath":"/黄宁的Obsidian2025.12.5/医学免疫学 (曹雪涛) (Z-Library).pdf","localPath":"医学免疫学 (曹雪涛) (Z-Library).pdf","conditions":{"recordExists":false,"remoteExists":false,"localExists":true}}],"type":"debug","level":4,"tag":""}

{"date":"2025-12-05T15:35:55.514Z","args":[{"reason":"remote folder does not exist locally","remotePath":"/黄宁的Obsidian2025.12.5/ringtone","localPath":"ringtone","conditions":{"localExists":false,"recordExists":false}}],"type":"debug","level":4,"tag":""}

{"date":"2025-12-05T15:35:55.514Z","args":[{"reason":"remote folder does not exist locally","remotePath":"/黄宁的Obsidian2025.12.5/HONOR Share","localPath":"HONOR Share","conditions":{"localExists":false,"recordExists":false}}],"type":"debug","level":4,"tag":""}

{"date":"2025-12-05T15:35:55.515Z","args":[{"reason":"remote folder does not exist locally","remotePath":"/黄宁的Obsidian2025.12.5/camera","localPath":"camera","conditions":{"localExists":false,"recordExists":false}}],"type":"debug","level":4,"tag":""}

{"date":"2025-12-05T15:35:55.515Z","args":[{"reason":"remote folder does not exist locally","remotePath":"/黄宁的Obsidian2025.12.5/ringtone/gamefree","localPath":"ringtone/gamefree","conditions":{"localExists":false,"recordExists":false}}],"type":"debug","level":4,"tag":""}

{"date":"2025-12-05T15:35:55.515Z","args":[{"reason":"remote folder does not exist locally","remotePath":"/黄宁的Obsidian2025.12.5/ringtone/gamefree/jly2","localPath":"ringtone/gamefree/jly2","conditions":{"localExists":false,"recordExists":false}}],"type":"debug","level":4,"tag":""}

{"date":"2025-12-05T15:35:55.536Z","args":["Starting to execute sync tasks",{"totalTasks":5}],"type":"debug","level":4,"tag":""}

{"date":"2025-12-05T15:35:55.536Z","args":["Executing task [1/5] ringtone",{"taskName":"创建本地目录","taskPath":"ringtone"}],"type":"debug","level":4,"tag":""}

{"date":"2025-12-05T15:35:55.586Z","args":["Task completed [1/5] ringtone",{"taskName":"创建本地目录","taskPath":"ringtone","result":{"success":true}}],"type":"debug","level":4,"tag":""}

{"date":"2025-12-05T15:35:55.587Z","args":["Executing task [2/5] HONOR Share",{"taskName":"创建本地目录","taskPath":"HONOR Share"}],"type":"debug","level":4,"tag":""}

{"date":"2025-12-05T15:35:55.598Z","args":["Task completed [2/5] HONOR Share",{"taskName":"创建本地目录","taskPath":"HONOR Share","result":{"success":true}}],"type":"debug","level":4,"tag":""}

{"date":"2025-12-05T15:35:55.599Z","args":["Executing task [3/5] camera",{"taskName":"创建本地目录","taskPath":"camera"}],"type":"debug","level":4,"tag":""}

{"date":"2025-12-05T15:35:55.611Z","args":["Task completed [3/5] camera",{"taskName":"创建本地目录","taskPath":"camera","result":{"success":true}}],"type":"debug","level":4,"tag":""}

{"date":"2025-12-05T15:35:55.611Z","args":["Executing task [4/5] ringtone/gamefree",{"taskName":"创建本地目录","taskPath":"ringtone/gamefree"}],"type":"debug","level":4,"tag":""}

{"date":"2025-12-05T15:35:55.624Z","args":["Task completed [4/5] ringtone/gamefree",{"taskName":"创建本地目录","taskPath":"ringtone/gamefree","result":{"success":true}}],"type":"debug","level":4,"tag":""}

{"date":"2025-12-05T15:35:55.624Z","args":["Executing task [5/5] ringtone/gamefree/jly2",{"taskName":"创建本地目录","taskPath":"ringtone/gamefree/jly2"}],"type":"debug","level":4,"tag":""}

{"date":"2025-12-05T15:35:55.696Z","args":["Task completed [5/5] ringtone/gamefree/jly2",{"taskName":"创建本地目录","taskPath":"ringtone/gamefree/jly2","result":{"success":true}}],"type":"debug","level":4,"tag":""}

{"date":"2025-12-05T15:35:55.696Z","args":["All tasks execution completed",{"totalTasks":5,"successCount":5,"failedCount":0}],"type":"debug","level":4,"tag":""}

{"date":"2025-12-05T15:35:55.729Z","args":["tasks result",[{"success":true},{"success":true},{"success":true},{"success":true},{"success":true}],"failed:",0],"type":"debug","level":4,"tag":""}

{"date":"2025-12-05T15:35:56.032Z","args":["Records saving completed",{"recordsSize":42,"elapsedMs":2}],"type":"debug","level":4,"tag":""}